like_count,quote_count,reply_count,retweet_count,tweet_id
33856.0,219.0,141.0,7022.0,892420643555336193
29360.0,274.0,170.0,5304.0,892177421306343426
22077.0,145.0,109.0,3487.0,891815181378084864
36971.0,286.0,142.0,7234.0,891689557279858688
35348.0,296.0,193.0,7773.0,891327558926688256
17828.0,43.0,58.0,2603.0,891087950875897856
10380.0,55.0,51.0,1671.0,890971913173991426
56907.0,377.0,159.0,15776.0,890729181411237888
24555.0,129.0,92.0,3628.0,890609185150312448
27990.0,352.0,142.0,6108.0,890240255349198849
27067.0,267.0,154.0,6157.0,890006608113172480
24595.0,146.0,90.0,4174.0,889880896479866881
42095.0,318.0,174.0,8360.0,889665388333682689
23709.0,199.0,92.0,3720.0,889638837579907072
13358.0,81.0,58.0,1885.0,889531135344209921
22149.0,124.0,110.0,4449.0,889278841981685760
25664.0,91.0,81.0,3769.0,888917238123831296
22491.0,80.0,67.0,3544.0,888804989199671297
17340.0,61.0,71.0,2882.0,888554962724278272
,,,,888202515573088257
19168.0,170.0,94.0,2901.0,888078434458587136
26652.0,159.0,79.0,4542.0,887705289381826560
40764.0,1150.0,426.0,9863.0,887517139158093824
60242.0,588.0,213.0,15048.0,887473957103951883
29617.0,539.0,179.0,8819.0,887343217045368832
27007.0,186.0,131.0,4998.0,887101392804085760
30414.0,357.0,136.0,6326.0,886983233522544640
10505.0,78.0,47.0,2635.0,886736880519319552
19761.0,109.0,71.0,3742.0,886680336477933568
18562.0,117.0,73.0,2634.0,886366144734445568
105.0,0.0,2.0,4.0,886267009285017600
24553.0,215.0,102.0,5298.0,886258384151887873
0.0,0.0,0.0,93.0,886054160059072513
28636.0,173.0,122.0,5621.0,885984800019947520
31627.0,141.0,69.0,5336.0,885528943205470208
18029.0,156.0,113.0,3110.0,885518971528720385
0.0,0.0,0.0,15455.0,885311592912609280
19274.0,316.0,131.0,3673.0,885167619883638784
67373.0,543.0,374.0,15046.0,884925521741709313
24415.0,186.0,106.0,4677.0,884876753390489601
21346.0,209.0,105.0,3918.0,884562892145688576
23887.0,196.0,93.0,4796.0,884441805382717440
63381.0,182.0,130.0,16939.0,884247878851493888
17960.0,75.0,68.0,2509.0,884162670584377345
19197.0,116.0,112.0,2867.0,883838122936631299
40251.0,303.0,177.0,8279.0,883482846933004288
19967.0,130.0,129.0,3086.0,883360690899218434
32543.0,110.0,77.0,5543.0,883117836046086144
21003.0,53.0,56.0,3250.0,882992080364220416
24827.0,123.0,83.0,4106.0,882762694511734784
24621.0,262.0,120.0,5072.0,882627270321602560
39237.0,308.0,128.0,9649.0,882268110199369728
25755.0,1252.0,403.0,4089.0,882045870035918850
21460.0,132.0,98.0,2858.0,881906580714921986
44590.0,274.0,151.0,8969.0,881666595344535552
113.0,1.0,1.0,8.0,881633300179243008
43494.0,1224.0,428.0,13420.0,881536004380872706
20503.0,178.0,126.0,4498.0,881268444196462592
15066.0,75.0,43.0,2337.0,880935762899988482
18724.0,111.0,83.0,3205.0,880872448815771648
25041.0,222.0,123.0,5221.0,880465832366813184
23687.0,201.0,107.0,3474.0,880221127280381952
24360.0,172.0,147.0,3658.0,880095782870896641
19727.0,82.0,70.0,2935.0,879862464715927552
282.0,0.0,2.0,9.0,879674319642796034
20719.0,130.0,69.0,2630.0,879492040517615616
92961.0,4353.0,1123.0,37497.0,879415818425184262
14873.0,106.0,49.0,2656.0,879376492567855104
0.0,0.0,0.0,5749.0,879130579576475649
19828.0,160.0,125.0,3961.0,879050749262655488
16803.0,56.0,37.0,2246.0,879008229531029506
17151.0,68.0,63.0,3441.0,878776093423087618
26463.0,82.0,128.0,5936.0,878604707211726852
0.0,0.0,0.0,1079.0,878404777348136964
0.0,0.0,0.0,5536.0,878316110768087041
6790.0,38.0,33.0,1079.0,878281511006478336
37175.0,304.0,173.0,5749.0,878057613040115712
69397.0,635.0,208.0,15842.0,877736472329191424
0.0,0.0,0.0,70.0,877611172832227328
19918.0,150.0,80.0,3174.0,877556246731214848
24177.0,106.0,63.0,4353.0,877316821321428993
23889.0,268.0,136.0,4639.0,877201837425926144
18237.0,142.0,45.0,2807.0,876838120628539392
21063.0,49.0,64.0,3977.0,876537666061221889
16583.0,47.0,31.0,2005.0,876484053909872640
24710.0,106.0,66.0,3910.0,876120275196170240
22130.0,169.0,119.0,3588.0,875747767867523072
19426.0,199.0,117.0,4160.0,875144289856114688
24265.0,66.0,56.0,5125.0,875097192612077568
22574.0,66.0,60.0,3980.0,875021211251597312
24627.0,138.0,93.0,3925.0,874680097055178752
0.0,0.0,0.0,12227.0,874434818259525634
22986.0,106.0,112.0,3488.0,874296783580663808
20140.0,85.0,94.0,3383.0,874057562936811520
30154.0,209.0,61.0,8603.0,874012996292530176
,,,,873697596434513921
21404.0,102.0,57.0,3346.0,873580283840344065
0.0,0.0,0.0,1333.0,873337748698140672
6326.0,30.0,17.0,1333.0,873213775632977920
24106.0,89.0,68.0,4569.0,872967104147763200
13082.0,141.0,120.0,3170.0,872820683541237760
,,,,872668790621863937
18349.0,76.0,61.0,3070.0,872620804844003328
36131.0,371.0,190.0,7727.0,872486979161796608
,,,,872261713294495745
30260.0,262.0,110.0,6838.0,872122724285648897
33144.0,326.0,105.0,9260.0,871879754684805121
17904.0,56.0,57.0,2973.0,871762521631449091
17911.0,153.0,134.0,2947.0,871515927908634625
0.0,0.0,0.0,4900.0,871166179821445120
18565.0,127.0,73.0,4691.0,871102520638267392
20175.0,52.0,51.0,3231.0,871032628920680449
29836.0,129.0,136.0,5290.0,870804317367881728
105.0,0.0,0.0,3.0,870726314365509632
10899.0,99.0,74.0,2215.0,870656317836468226
74019.0,1018.0,751.0,22775.0,870374049280663552
19501.0,109.0,59.0,3554.0,870308999962521604
32457.0,341.0,151.0,7086.0,870063196459192321
,,,,869988702071779329
38066.0,477.0,210.0,8707.0,869772420881756160
25088.0,286.0,134.0,5393.0,869702957897576449
14231.0,86.0,59.0,2642.0,869596645499047938
18157.0,125.0,64.0,3202.0,869227993411051520
58047.0,414.0,183.0,12279.0,868880397819494401
0.0,0.0,0.0,1757.0,868639477480148993
23667.0,108.0,71.0,4484.0,868622495443632128
8981.0,33.0,31.0,1757.0,868552278524837888
21630.0,63.0,86.0,3579.0,867900495410671616
30314.0,150.0,69.0,6263.0,867774946302451713
14361.0,54.0,55.0,2119.0,867421006826221569
0.0,0.0,0.0,101.0,867072653475098625
28741.0,132.0,134.0,6797.0,867051520902168576
,,,,866816280283807744
17893.0,69.0,90.0,4137.0,866720684873056260
17147.0,89.0,56.0,2975.0,866686824827068416
108997.0,1521.0,481.0,30258.0,866450705531457537
46667.0,290.0,142.0,12227.0,866334964761202691
0.0,0.0,0.0,7175.0,866094527597207552
22958.0,197.0,118.0,4861.0,865718153858494464
23639.0,197.0,87.0,4300.0,865359393868664832
25067.0,479.0,178.0,6686.0,865006731092295680
28893.0,164.0,105.0,7505.0,864873206498414592
13089.0,126.0,59.0,2589.0,864279568663928832
26673.0,234.0,92.0,7600.0,864197398364647424
18467.0,138.0,97.0,3598.0,863907417377173506
13700.0,199.0,76.0,3642.0,863553081350529029
0.0,0.0,0.0,2093.0,863471782782697472
21342.0,153.0,100.0,4565.0,863432100342583297
1961.0,0.0,7.0,80.0,863427515083354112
7913.0,29.0,52.0,954.0,863079547188785154
7539.0,81.0,49.0,2093.0,863062471531167744
17233.0,103.0,56.0,4466.0,862831371563274240
15351.0,165.0,65.0,3093.0,862722525377298433
18304.0,295.0,131.0,4267.0,862457590147678208
66396.0,641.0,200.0,20034.0,862096992088072192
,,,,861769973181624320
32333.0,369.0,150.0,9282.0,861383897657036800
15368.0,125.0,82.0,3595.0,861288531465048066
15017.0,189.0,70.0,3344.0,861005113778896900
0.0,0.0,0.0,1859.0,860981674716409858
0.0,0.0,0.0,679.0,860924035999428608
6737.0,56.0,32.0,1859.0,860563773140209665
21290.0,208.0,173.0,4611.0,860524505164394496
16605.0,129.0,49.0,3082.0,860276583193509888
15041.0,126.0,84.0,5131.0,860184849394610176
0.0,0.0,0.0,26800.0,860177593139703809
17658.0,175.0,95.0,3592.0,859924526012018688
13988.0,127.0,58.0,3074.0,859851578198683649
16861.0,21.0,137.0,1369.0,859607811541651456
80677.0,1307.0,520.0,26334.0,859196978902773760
30488.0,428.0,152.0,11987.0,859074603037188101
0.0,0.0,0.0,7100.0,858860390427611136
14146.0,93.0,55.0,3032.0,858843525470990336
19517.0,124.0,93.0,4270.0,858471635011153920
14258.0,104.0,75.0,2542.0,858107933456039936
14514.0,49.0,44.0,2271.0,857989990357356544
30863.0,430.0,159.0,9368.0,857746408056729600
5316.0,58.0,26.0,1444.0,857393404942143489
18277.0,169.0,93.0,3992.0,857263160327368704
204.0,0.0,0.0,16.0,857214891891077121
0.0,0.0,0.0,148.0,857062103051644929
17078.0,103.0,60.0,3499.0,857029823797047296
,,,,856602993587888130
14857.0,55.0,49.0,2555.0,856543823941562368
10845.0,31.0,33.0,1658.0,856526610513747968
,,,,856330835276025856
489.0,1.0,4.0,15.0,856288084350160898
25287.0,244.0,130.0,5593.0,856282028240666624
303.0,0.0,1.0,21.0,855862651834028034
4423.0,16.0,13.0,853.0,855860136149123072
10873.0,20.0,9.0,1867.0,855857698524602368
41943.0,464.0,140.0,16156.0,855851453814013952
24316.0,102.0,109.0,4826.0,855818117272018944
27141.0,189.0,91.0,7321.0,855459453768019968
0.0,0.0,0.0,5278.0,855245323840757760
0.0,0.0,0.0,36.0,855138241867124737
20725.0,194.0,87.0,5370.0,854732716440526848
26636.0,344.0,131.0,6041.0,854482394044301312
17224.0,164.0,68.0,4166.0,854365224396361728
29283.0,1684.0,585.0,6604.0,854120357044912130
14861.0,65.0,43.0,2801.0,854010172552949760
26135.0,237.0,108.0,5123.0,853760880890318849
31606.0,155.0,93.0,8901.0,853639147608842240
14196.0,122.0,64.0,3179.0,853299958564483072
0.0,0.0,0.0,1792.0,852936405516943360
8269.0,47.0,21.0,1604.0,852912242202992640
13672.0,32.0,33.0,1918.0,852672615818899456
14922.0,62.0,37.0,3128.0,852553447878664193
30405.0,524.0,168.0,8900.0,852311364735569921
18382.0,728.0,244.0,6109.0,852226086759018497
10587.0,21.0,29.0,1422.0,852189679701164033
,,,,851953902622658560
,,,,851861385021730816
14988.0,99.0,66.0,3137.0,851591660324737024
22305.0,693.0,206.0,6328.0,851464819735769094
19076.0,240.0,95.0,5183.0,851224888060895234
28209.0,428.0,161.0,8111.0,850753642995093505
12103.0,139.0,55.0,2336.0,850380195714523136
3199.0,3.0,8.0,301.0,850333567704068097
15076.0,153.0,99.0,3405.0,850145622816686080
18822.0,104.0,74.0,4389.0,850019790995546112
27971.0,228.0,155.0,6844.0,849776966551130114
0.0,0.0,0.0,4457.0,849668094696017920
14696.0,99.0,62.0,2840.0,849412302885593088
10583.0,24.0,33.0,1696.0,849336543269576704
39089.0,346.0,171.0,7656.0,849051919805034497
23313.0,71.0,110.0,3935.0,848690551926992896
22876.0,149.0,73.0,4173.0,848324959059550208
7550.0,9.0,41.0,649.0,848213670039564288
15066.0,121.0,111.0,2726.0,848212111729840128
0.0,0.0,0.0,2933.0,847978865427394560
0.0,0.0,0.0,396.0,847971574464610304
21775.0,126.0,120.0,4591.0,847962785489326080
5024.0,51.0,32.0,1194.0,847842811428974592
6476.0,8.0,17.0,376.0,847617282490613760
17385.0,85.0,61.0,3102.0,847606175596138505
19025.0,75.0,43.0,3929.0,847251039262605312
18408.0,384.0,158.0,5267.0,847157206088847362
19908.0,70.0,75.0,2888.0,847116187444137987
18659.0,116.0,61.0,3562.0,846874817362120707
41299.0,752.0,243.0,10419.0,846514051647705089
13102.0,26.0,63.0,2771.0,846505985330044928
29168.0,406.0,149.0,8200.0,846153765933735936
28872.0,197.0,96.0,9190.0,846139713627017216
14843.0,113.0,43.0,2598.0,846042936437604353
27095.0,208.0,101.0,7894.0,845812042753855489
23486.0,144.0,113.0,4395.0,845677943972139009
,,,,845459076796616705
7101.0,42.0,23.0,1624.0,845397057150107648
21670.0,176.0,68.0,4875.0,845306882940190720
0.0,0.0,0.0,6958.0,845098359547420673
12703.0,57.0,47.0,2320.0,844979544864018432
13965.0,117.0,89.0,2865.0,844973813909606400
,,,,844704788403113984
15321.0,59.0,41.0,2824.0,844580511645339650
12727.0,51.0,39.0,1994.0,844223788422217728
14152.0,61.0,43.0,2706.0,843981021012017153
20004.0,225.0,84.0,4179.0,843856843873095681
15745.0,49.0,58.0,2487.0,843604394117681152
20013.0,297.0,138.0,5435.0,843235543001513987
,,,,842892208864923648
14250.0,77.0,55.0,3320.0,842846295480000512
6308.0,28.0,16.0,1178.0,842765311967449089
16957.0,132.0,81.0,3192.0,842535590457499648
22786.0,260.0,85.0,5278.0,842163532590374912
13063.0,100.0,45.0,2766.0,842115215311396866
0.0,0.0,0.0,13621.0,841833993020538882
24086.0,332.0,131.0,7177.0,841680585030541313
11775.0,141.0,55.0,3345.0,841439858740625411
18457.0,146.0,63.0,5038.0,841320156043304961
14781.0,177.0,74.0,4250.0,841314665196081154
21383.0,262.0,142.0,4900.0,841077006473256960
0.0,0.0,0.0,1625.0,840761248237133825
0.0,0.0,0.0,14643.0,840728873075638272
165.0,0.0,2.0,2.0,840698636975636481
11511.0,28.0,49.0,892.0,840696689258311684
8448.0,50.0,27.0,1625.0,840632337062862849
15371.0,172.0,89.0,4193.0,840370681858686976
17950.0,174.0,60.0,5239.0,840268004936019968
12566.0,83.0,64.0,2078.0,839990271299457024
25642.0,180.0,92.0,7100.0,839549326359670784
0.0,0.0,0.0,133.0,839290600511926273
25292.0,615.0,208.0,5960.0,839239871831150596
18412.0,82.0,59.0,3670.0,838952994649550848
10447.0,61.0,34.0,1861.0,838921590096166913
0.0,0.0,0.0,31.0,838916489579200512
0.0,0.0,0.0,10071.0,838831947270979586
10275.0,42.0,44.0,1234.0,838561493054533637
21029.0,115.0,79.0,4359.0,838476387338051585
0.0,0.0,0.0,9238.0,838201503651401729
1572.0,8.0,8.0,304.0,838150277551247360
133.0,0.0,5.0,1.0,838085839343206401
16510.0,103.0,79.0,2856.0,838083903487373313
31907.0,178.0,89.0,7175.0,837820167694528512
3618.0,18.0,13.0,409.0,837482249356513284
12020.0,47.0,37.0,2068.0,837471256429613056
,,,,837366284874571778
15099.0,61.0,70.0,2185.0,837110210464448512
,,,,837012587749474308
11984.0,80.0,47.0,2123.0,836989968035819520
18171.0,311.0,79.0,4276.0,836753516572119041
11873.0,59.0,93.0,2030.0,836677758902222849
0.0,0.0,0.0,509.0,836648853927522308
0.0,0.0,0.0,25172.0,836397794269200385
13937.0,91.0,72.0,2753.0,836380477523124226
20008.0,112.0,59.0,3990.0,836260088725786625
17939.0,87.0,45.0,3906.0,836001077879255040
0.0,0.0,0.0,7452.0,835685285446955009
16693.0,123.0,58.0,3310.0,835574547218894849
0.0,0.0,0.0,1551.0,835536468978302976
0.0,0.0,0.0,19233.0,835309094223372289
15472.0,166.0,77.0,2751.0,835297930240217089
7253.0,33.0,27.0,1551.0,835264098648616962
1993.0,5.0,9.0,63.0,835246439529840640
24629.0,209.0,91.0,5317.0,835172783151792128
21007.0,82.0,123.0,2770.0,835152434251116546
10130.0,47.0,50.0,1497.0,834931633769889797
20271.0,392.0,120.0,5124.0,834786237630337024
12846.0,47.0,32.0,2322.0,834574053763584002
0.0,0.0,0.0,9803.0,834477809192075265
9050.0,52.0,53.0,1554.0,834458053273591808
19307.0,171.0,75.0,4344.0,834209720923721728
14866.0,123.0,127.0,3374.0,834167344700198914
9469.0,52.0,85.0,1972.0,834089966724603904
12271.0,59.0,41.0,2046.0,834086379323871233
12657.0,68.0,31.0,2218.0,833863086058651648
17112.0,86.0,66.0,3497.0,833826103416520705
0.0,0.0,0.0,205.0,833732339549220864
19732.0,123.0,98.0,3009.0,833722901757046785
14047.0,89.0,90.0,1898.0,833479644947025920
19034.0,160.0,95.0,4457.0,833124694597443584
12469.0,223.0,75.0,2026.0,832998151111966721
0.0,0.0,0.0,38.0,832769181346996225
15889.0,115.0,45.0,3333.0,832757312314028032
11167.0,34.0,32.0,2672.0,832682457690300417
2747.0,53.0,24.0,485.0,832645525019123713
14935.0,70.0,46.0,2574.0,832636094638288896
11262.0,100.0,64.0,2041.0,832397543355072512
16114.0,114.0,81.0,2933.0,832369877331693569
10674.0,68.0,41.0,2151.0,832273440279240704
0.0,0.0,0.0,5743.0,832215909146226688
0.0,0.0,0.0,8611.0,832215726631055365
59.0,0.0,2.0,2.0,832088576586297345
0.0,0.0,0.0,8852.0,832040443403784192
16805.0,455.0,158.0,4314.0,832032802820481025
22508.0,416.0,184.0,5673.0,831939777352105988
319.0,3.0,1.0,34.0,831926988323639298
25899.0,446.0,121.0,5998.0,831911600680497154
9810.0,64.0,41.0,1691.0,831670449226514432
6699.0,53.0,35.0,1792.0,831650051525054464
8473.0,50.0,22.0,2167.0,831552930092285952
8774.0,56.0,35.0,1448.0,831322785565769729
6186.0,62.0,51.0,1040.0,831315979191906304
11121.0,90.0,44.0,2275.0,831309418084069378
11193.0,67.0,38.0,1896.0,831262627380748289
7532.0,62.0,21.0,1380.0,830956169170665475
62580.0,488.0,194.0,15455.0,830583320585068544
0.0,0.0,0.0,5258.0,830173239259324417
9192.0,173.0,44.0,2710.0,830097400375152640
0.0,0.0,0.0,4623.0,829878982036299777
11550.0,41.0,32.0,1798.0,829861396166877184
29949.0,355.0,129.0,9803.0,829501995190984704
9900.0,112.0,29.0,1865.0,829449946868879360
,,,,829374341691346946
22952.0,232.0,85.0,6790.0,829141528400556032
50364.0,769.0,249.0,15151.0,829011960981237760
0.0,0.0,0.0,3174.0,828801551087042563
24152.0,232.0,97.0,5411.0,828770345708580865
34322.0,562.0,229.0,10358.0,828708714936930305
8974.0,38.0,15.0,1245.0,828650029636317184
6051.0,62.0,26.0,1085.0,828409743546925057
7266.0,44.0,28.0,1190.0,828408677031882754
11897.0,80.0,50.0,2066.0,828381636999917570
6996.0,34.0,11.0,996.0,828376505180889089
11889.0,167.0,41.0,2730.0,828372645993398273
2074.0,3.0,8.0,165.0,828361771580813312
11077.0,84.0,54.0,2663.0,828046555563323392
9793.0,57.0,31.0,2003.0,828011680017821696
18893.0,236.0,117.0,4848.0,827933404142436356
14611.0,89.0,48.0,2802.0,827653905312006145
7068.0,44.0,34.0,866.0,827600520311402496
14968.0,64.0,34.0,2814.0,827324948884643840
,,,,827228250799742977
10020.0,55.0,51.0,2065.0,827199976799354881
20352.0,130.0,78.0,4623.0,826958653328592898
34101.0,949.0,249.0,9363.0,826848821049180160
0.0,0.0,0.0,3689.0,826615380357632002
4867.0,7.0,87.0,230.0,826598799820865537
9462.0,53.0,41.0,2183.0,826598365270007810
17401.0,139.0,56.0,3898.0,826476773533745153
12543.0,96.0,56.0,2425.0,826240494070030336
4602.0,32.0,20.0,857.0,826204788643753985
14759.0,73.0,44.0,2878.0,826115272272650244
9933.0,47.0,36.0,1740.0,825876512159186944
12038.0,61.0,31.0,2339.0,825829644528148480
54029.0,374.0,235.0,16379.0,825535076884762624
17288.0,209.0,95.0,4192.0,825147591692263424
0.0,0.0,0.0,1168.0,825120256414846976
5918.0,49.0,37.0,1168.0,825026590719483904
0.0,0.0,0.0,5110.0,824796380199809024
14085.0,87.0,42.0,3282.0,824775126675836928
9947.0,61.0,43.0,1651.0,824663926340194305
11200.0,179.0,69.0,9902.0,824325613288833024
14248.0,127.0,83.0,3575.0,824297048279236611
4586.0,12.0,31.0,558.0,824025158776213504
10072.0,118.0,39.0,2542.0,823939628516474880
0.0,0.0,0.0,10380.0,823719002937630720
13225.0,98.0,89.0,2339.0,823699002998870016
12286.0,66.0,40.0,2449.0,823581115634085888
662.0,1.0,2.0,22.0,823333489516937216
14846.0,147.0,67.0,3723.0,823322678127919110
0.0,0.0,0.0,9245.0,823269594223824897
16393.0,87.0,56.0,3202.0,822975315408461824
124239.0,1129.0,592.0,39989.0,822872901745569793
12470.0,63.0,48.0,2114.0,822859134160621569
0.0,0.0,0.0,5962.0,822647212903690241
13989.0,63.0,58.0,2738.0,822610361945911296
17139.0,384.0,104.0,5962.0,822489057087389700
26343.0,1811.0,295.0,13172.0,822462944365645825
33157.0,338.0,148.0,9245.0,822244816520155136
0.0,0.0,0.0,4392.0,822163064745328640
10691.0,67.0,31.0,2147.0,821886076407029760
0.0,0.0,0.0,3127.0,821813639212650496
7917.0,30.0,27.0,1557.0,821765923262631936
7583.0,62.0,33.0,1634.0,821522889702862852
0.0,0.0,0.0,5134.0,821421320206483457
11115.0,486.0,102.0,4000.0,821407182352777218
236.0,0.0,0.0,9.0,821153421864615936
8120.0,59.0,28.0,1826.0,821149554670182400
9083.0,59.0,47.0,1977.0,821107785811234820
11973.0,64.0,34.0,2128.0,821044531881721856
0.0,0.0,0.0,6253.0,820837357901512704
29877.0,279.0,108.0,9238.0,820749716845686786
11601.0,100.0,72.0,3007.0,820690176645140481
0.0,0.0,0.0,523.0,820494788566847489
0.0,0.0,0.0,2398.0,820446719150292993
3163.0,15.0,20.0,523.0,820314633777061888
18675.0,191.0,70.0,5803.0,820078625395449857
0.0,0.0,0.0,1084.0,820013781606658049
5025.0,15.0,11.0,1084.0,819952236453363712
12249.0,333.0,101.0,4553.0,819924195358416896
12639.0,100.0,43.0,2882.0,819711362133872643
9167.0,64.0,34.0,1871.0,819588359383371776
6851.0,49.0,28.0,1119.0,819347104292290561
2141.0,10.0,15.0,379.0,819238181065359361
21819.0,238.0,85.0,6253.0,819227688460238848
0.0,0.0,0.0,34592.0,819015337530290176
0.0,0.0,0.0,17823.0,819015331746349057
43081.0,287.0,89.0,17823.0,819006400881917954
82782.0,1030.0,239.0,34592.0,819004803107983360
0.0,0.0,0.0,19480.0,818646164899774465
21255.0,361.0,75.0,7067.0,818627210458333184
9318.0,81.0,37.0,2358.0,818614493328580609
0.0,0.0,0.0,5706.0,818588835076603904
10289.0,94.0,96.0,2279.0,818536468981415936
0.0,0.0,0.0,7479.0,818307523543449600
10429.0,104.0,54.0,2091.0,818259473185828864
11631.0,128.0,55.0,2372.0,818145370475810820
4611.0,16.0,11.0,741.0,817908911860748288
48712.0,2309.0,342.0,25172.0,817827839487737858
10235.0,147.0,46.0,2524.0,817777686764523521
11142.0,134.0,57.0,2737.0,817536400337801217
0.0,0.0,0.0,3146.0,817502432452313088
31914.0,917.0,231.0,13620.0,817423860136083457
5303.0,43.0,21.0,892.0,817415592588222464
0.0,0.0,0.0,7885.0,817181837579653120
8315.0,87.0,43.0,1874.0,817171292965273600
11558.0,80.0,82.0,2416.0,817120970343411712
8146.0,49.0,38.0,1523.0,817056546584727552
0.0,0.0,0.0,4399.0,816829038950027264
9485.0,61.0,42.0,1898.0,816816676327063552
9255.0,49.0,31.0,2061.0,816697700272001025
28748.0,468.0,123.0,7479.0,816450570814898180
8177.0,40.0,25.0,1808.0,816336735214911488
8487.0,90.0,31.0,1994.0,816091915477250048
0.0,0.0,0.0,946.0,816062466425819140
0.0,0.0,0.0,4890.0,816014286006976512
4696.0,31.0,22.0,946.0,815990720817401858
21161.0,525.0,162.0,7885.0,815966073409433600
0.0,0.0,0.0,3866.0,815745968457060357
9320.0,83.0,42.0,2127.0,815736392542261248
7826.0,54.0,30.0,1557.0,815639385530101762
9835.0,76.0,38.0,3578.0,815390420867969024
7261.0,33.0,30.0,1189.0,814986499976527872
10706.0,93.0,46.0,2530.0,814638523311648768
0.0,0.0,0.0,5470.0,814578408554463233
8226.0,95.0,37.0,1743.0,814530161257443328
27296.0,492.0,169.0,8124.0,814153002265309185
0.0,0.0,0.0,2963.0,813944609378369540
8861.0,61.0,31.0,1737.0,813910438903693312
34672.0,352.0,80.0,13054.0,813812741911748608
7888.0,71.0,29.0,1652.0,813800681631023104
17713.0,217.0,65.0,6860.0,813217897535406080
8774.0,37.0,26.0,1707.0,813202720496779264
18858.0,51.0,42.0,4056.0,813187593374461952
8815.0,69.0,37.0,1810.0,813172488309972993
7388.0,88.0,40.0,2070.0,813157409116065792
8092.0,58.0,37.0,2248.0,813142292504645637
4265.0,3.0,9.0,421.0,813130366689148928
11231.0,93.0,30.0,2925.0,813127251579564032
9807.0,70.0,25.0,2574.0,813112105746448384
10045.0,94.0,37.0,3397.0,813096984823349248
9430.0,76.0,27.0,2603.0,813081950185472002
7547.0,37.0,22.0,1833.0,813066809284972545
19946.0,153.0,97.0,6872.0,813051746834595840
7163.0,99.0,46.0,1788.0,812781120811126785
,,,,812747805718642688
6301.0,20.0,18.0,1356.0,812709060537683968
5745.0,106.0,44.0,1149.0,812503143955202048
7579.0,54.0,20.0,1802.0,812466873996607488
12950.0,213.0,67.0,3431.0,812372279581671427
6920.0,45.0,28.0,1313.0,811985624773361665
7167.0,67.0,33.0,1483.0,811744202451197953
5325.0,6.0,32.0,684.0,811647686436880384
12092.0,62.0,41.0,2858.0,811627233043480576
19896.0,293.0,122.0,5996.0,811386762094317568
5062.0,42.0,16.0,1337.0,810984652412424192
8557.0,103.0,43.0,1647.0,810896069567610880
10445.0,79.0,29.0,2475.0,810657578271330305
33361.0,279.0,126.0,10514.0,810284430598270976
13995.0,122.0,66.0,3174.0,810254108431155201
14800.0,119.0,72.0,3689.0,809920764300447744
0.0,0.0,0.0,4590.0,809808892968534016
6617.0,27.0,23.0,1374.0,809448704142938112
18918.0,173.0,89.0,5258.0,809220051211603969
12590.0,175.0,76.0,3311.0,809084759137812480
9655.0,90.0,37.0,2870.0,808838249661788160
7521.0,79.0,45.0,2035.0,808733504066486276
10773.0,85.0,34.0,2458.0,808501579447930884
40268.0,1338.0,356.0,19480.0,808344865868283904
0.0,0.0,0.0,5530.0,808134635716833280
8399.0,46.0,35.0,2073.0,808106460588765185
11868.0,85.0,31.0,3321.0,808001312164028416
13878.0,333.0,109.0,3397.0,807621403335917568
111821.0,2975.0,913.0,51756.0,807106840509214720
0.0,0.0,0.0,6906.0,807059379405148160
12496.0,230.0,107.0,3640.0,807010152071229440
70709.0,922.0,305.0,32447.0,806629075125202948
0.0,0.0,0.0,5153.0,806620845233815552
4666.0,70.0,42.0,1827.0,806576416489959424
9749.0,130.0,55.0,2222.0,806542213899489280
0.0,0.0,0.0,10905.0,806242860592926720
6144.0,30.0,33.0,1134.0,806219024703037440
0.0,0.0,0.0,5026.0,805958939288408065
7896.0,50.0,31.0,1806.0,805932879469572096
6248.0,85.0,26.0,1719.0,805826884734976000
0.0,0.0,0.0,7494.0,805823200554876929
5492.0,75.0,26.0,1553.0,805520635690676224
8359.0,100.0,35.0,2383.0,805487436403003392
7493.0,54.0,33.0,1629.0,805207613751304193
13004.0,109.0,50.0,3606.0,804738756058218496
5851.0,40.0,28.0,1894.0,804475857670639616
0.0,0.0,0.0,3016.0,804413760345620481
42144.0,1036.0,161.0,15085.0,804026241225523202
9573.0,100.0,48.0,2592.0,803773340896923648
0.0,0.0,0.0,6941.0,803692223237865472
10398.0,189.0,75.0,3891.0,803638050916102144
7408.0,104.0,60.0,1774.0,803380650405482500
0.0,0.0,0.0,4970.0,803321560782307329
9568.0,62.0,25.0,2304.0,803276597545603072
8590.0,81.0,29.0,1879.0,802952499103731712
0.0,0.0,0.0,2732.0,802624713319034886
6775.0,58.0,37.0,1386.0,802600418706604034
8531.0,55.0,39.0,2362.0,802572683846291456
15359.0,231.0,97.0,5492.0,802323869084381190
6633.0,21.0,17.0,1301.0,802265048156610565
,,,,802247111496568832
8665.0,104.0,37.0,2465.0,802239329049477120
0.0,0.0,0.0,251.0,802185808107208704
7375.0,37.0,27.0,1599.0,801958328846974976
1725.0,0.0,3.0,220.0,801854953262350336
7831.0,59.0,33.0,1957.0,801538201127157760
5750.0,24.0,24.0,774.0,801285448605831168
23217.0,323.0,131.0,5530.0,801167903437357056
0.0,0.0,0.0,3710.0,801127390143516673
7685.0,67.0,23.0,1986.0,801115127852503040
648.0,0.0,1.0,91.0,800859414831898624
0.0,0.0,0.0,1521.0,800855607700029440
10105.0,106.0,54.0,2640.0,800751577355128832
12514.0,134.0,80.0,2836.0,800513324630806528
9057.0,48.0,27.0,2064.0,800459316964663297
0.0,0.0,0.0,4033.0,800443802682937345
10635.0,79.0,47.0,2641.0,800388270626521089
0.0,0.0,0.0,3699.0,800188575492947969
14533.0,83.0,45.0,2398.0,800141422401830912
26949.0,889.0,200.0,12348.0,800018252395122689
0.0,0.0,0.0,4379.0,799774291445383169
7986.0,55.0,29.0,2008.0,799757965289017345
7695.0,112.0,38.0,1803.0,799422933579902976
0.0,0.0,0.0,5096.0,799308762079035393
9403.0,79.0,32.0,2570.0,799297110730567681
7704.0,97.0,58.0,2346.0,799063482566066176
12445.0,157.0,75.0,4164.0,798933969379225600
7168.0,63.0,34.0,1363.0,798925684722855936
0.0,0.0,0.0,6233.0,798705661114773508
0.0,0.0,0.0,7266.0,798701998996647937
0.0,0.0,0.0,6114.0,798697898615730177
0.0,0.0,0.0,4652.0,798694562394996736
0.0,0.0,0.0,2184.0,798686750113755136
0.0,0.0,0.0,4440.0,798682547630837760
0.0,0.0,0.0,5235.0,798673117451325440
0.0,0.0,0.0,3686.0,798665375516884993
0.0,0.0,0.0,1748.0,798644042770751489
0.0,0.0,0.0,1867.0,798628517273620480
0.0,0.0,0.0,5288.0,798585098161549313
0.0,0.0,0.0,5494.0,798576900688019456
0.0,0.0,0.0,3147.0,798340744599797760
9938.0,96.0,52.0,2425.0,798209839306514432
10970.0,113.0,64.0,2894.0,797971864723324932
13902.0,270.0,107.0,4626.0,797545162159308800
18964.0,261.0,89.0,6178.0,797236660651966464
214.0,1.0,0.0,24.0,797165961484890113
0.0,0.0,0.0,8369.0,796904159865868288
7323.0,63.0,44.0,1831.0,796865951799083009
11221.0,91.0,37.0,2843.0,796759840936919040
0.0,0.0,0.0,6760.0,796563435802726400
7201.0,40.0,25.0,1656.0,796484825502875648
10476.0,160.0,55.0,3899.0,796387464403357696
0.0,0.0,0.0,13403.0,796177847564038144
30572.0,577.0,114.0,13403.0,796149749086875649
4743.0,34.0,16.0,1688.0,796125600683540480
8658.0,52.0,48.0,2258.0,796116448414461957
8034.0,140.0,51.0,2172.0,796080075804475393
10289.0,171.0,52.0,3511.0,796031486298386433
46868.0,1152.0,350.0,22021.0,795464331001561088
9531.0,92.0,49.0,2690.0,795400264262053889
15360.0,162.0,59.0,5110.0,795076730285391872
0.0,0.0,0.0,3168.0,794983741416415232
9701.0,97.0,46.0,2165.0,794926597468000259
0.0,0.0,0.0,9683.0,794355576146903043
9149.0,98.0,45.0,2543.0,794332329137291264
8781.0,162.0,95.0,3119.0,794205286408003585
15935.0,94.0,57.0,4590.0,793962221541933056
8785.0,53.0,29.0,1752.0,793845145112371200
0.0,0.0,0.0,2934.0,793614319594401792
7591.0,62.0,34.0,1522.0,793601777308463104
10145.0,62.0,30.0,2238.0,793500921481273345
23380.0,385.0,106.0,8611.0,793286476301799424
8264.0,76.0,22.0,2255.0,793271401113350145
18970.0,190.0,73.0,7825.0,793256262322548741
10011.0,112.0,34.0,3087.0,793241302385262592
9295.0,85.0,30.0,2727.0,793226087023144960
8488.0,93.0,53.0,2615.0,793210959003287553
14475.0,197.0,55.0,5287.0,793195938047070209
6571.0,101.0,53.0,1873.0,793180763617361921
8916.0,121.0,36.0,2635.0,793165685325201412
5860.0,90.0,30.0,1599.0,793150605191548928
6096.0,59.0,16.0,2367.0,793135492858580992
12048.0,75.0,38.0,3697.0,793120401413079041
13622.0,96.0,42.0,3723.0,792913359805018113
10729.0,133.0,62.0,4014.0,792883833364439040
7006.0,38.0,32.0,1576.0,792773781206999040
12745.0,279.0,55.0,4024.0,792394556390137856
6789.0,107.0,57.0,1675.0,792050063153438720
0.0,0.0,0.0,19756.0,791821351946420224
0.0,0.0,0.0,8927.0,791784077045166082
0.0,0.0,0.0,3566.0,791780927877898241
42832.0,1175.0,319.0,20813.0,791774931465953280
11169.0,70.0,44.0,2934.0,791672322847637504
12506.0,334.0,129.0,3866.0,791406955684368384
8328.0,147.0,39.0,2371.0,791312159183634433
0.0,0.0,0.0,3826.0,791026214425268224
9319.0,51.0,29.0,1993.0,790987426131050500
15890.0,154.0,52.0,4399.0,790946055508652032
0.0,0.0,0.0,2151.0,790723298204217344
7812.0,95.0,45.0,1812.0,790698755171364864
19607.0,441.0,135.0,6665.0,790581949425475584
7431.0,44.0,28.0,1771.0,790337589677002753
11924.0,118.0,47.0,2963.0,790277117346975746
0.0,0.0,0.0,3321.0,790227638568808452
8819.0,61.0,30.0,2151.0,789986466051088384
0.0,0.0,0.0,3845.0,789960241177853952
9803.0,195.0,90.0,3890.0,789903600034189313
7088.0,40.0,25.0,1653.0,789628658055020548
6395.0,57.0,21.0,1798.0,789599242079838210
11103.0,99.0,40.0,3168.0,789530877013393408
8209.0,37.0,24.0,2144.0,789314372632018944
0.0,0.0,0.0,4598.0,789280767834746880
8678.0,55.0,25.0,2451.0,789268448748703744
9238.0,205.0,68.0,2612.0,789137962068021249
26109.0,545.0,179.0,11731.0,788908386943430656
25961.0,533.0,148.0,9683.0,788765914992902144
0.0,0.0,0.0,6678.0,788552643979468800
14751.0,142.0,48.0,4939.0,788412144018661376
6909.0,85.0,37.0,1983.0,788178268662984705
5809.0,59.0,52.0,1204.0,788150585577050112
0.0,0.0,0.0,3221.0,788070120937619456
5804.0,37.0,15.0,1233.0,788039637453406209
8163.0,63.0,30.0,2847.0,787810552592695296
9718.0,121.0,60.0,2590.0,787717603741622272
10348.0,105.0,64.0,2672.0,787397959788929025
7412.0,46.0,33.0,1630.0,787322443945877504
0.0,0.0,0.0,6306.0,787111942498508800
25318.0,333.0,146.0,7452.0,786963064373534720
0.0,0.0,0.0,2280.0,786729988674449408
17386.0,362.0,157.0,5743.0,786709082849828864
10063.0,74.0,27.0,2369.0,786664955043049472
8995.0,194.0,70.0,2928.0,786595970293370880
10295.0,103.0,49.0,3227.0,786363235746385920
7574.0,105.0,49.0,2655.0,786286427768250368
14434.0,155.0,84.0,4392.0,786233965241827333
1356.0,0.0,13.0,149.0,786051337297522688
0.0,0.0,0.0,6513.0,786036967502913536
10833.0,180.0,65.0,2994.0,785927819176054784
6357.0,68.0,34.0,1675.0,785872687017132033
7467.0,124.0,60.0,2106.0,785639753186217984
8603.0,62.0,38.0,1844.0,785533386513321988
5806.0,30.0,141.0,1167.0,785515384317313025
6911.0,38.0,15.0,1522.0,785264754247995392
11397.0,138.0,53.0,4511.0,785170936622350336
9586.0,89.0,35.0,3016.0,784826020293709826
8510.0,100.0,39.0,2371.0,784517518371221505
5450.0,36.0,20.0,1184.0,784431430411685888
18995.0,586.0,153.0,7494.0,784183165795655680
28152.0,427.0,180.0,10380.0,784057939640352768
28432.0,600.0,190.0,10071.0,783839966405230592
6997.0,39.0,32.0,1832.0,783821107061198850
9889.0,97.0,83.0,2999.0,783695101801398276
7992.0,70.0,44.0,2078.0,783466772167098368
16016.0,286.0,103.0,5103.0,783391753726550016
0.0,0.0,0.0,5160.0,783347506784731136
27538.0,479.0,170.0,10905.0,783334639985389568
7743.0,86.0,40.0,2024.0,783085703974514689
22852.0,248.0,109.0,6906.0,782969140009107456
7081.0,25.0,19.0,1321.0,782747134529531904
16326.0,254.0,125.0,5026.0,782722598790725632
7391.0,92.0,53.0,1770.0,782598640137187329
15740.0,245.0,95.0,5134.0,782305867769217024
0.0,0.0,0.0,5750.0,782021823840026624
10582.0,183.0,86.0,3146.0,781955203444699136
9893.0,112.0,89.0,2529.0,781661882474196992
3792.0,85.0,31.0,1056.0,781655249211752448
19618.0,135.0,88.0,5153.0,781524693396357120
6757.0,189.0,61.0,2389.0,781308096455073793
7931.0,67.0,34.0,1932.0,781251288990355457
9288.0,102.0,72.0,2585.0,781163403222056960
20511.0,237.0,96.0,6760.0,780931614150983680
6813.0,88.0,38.0,1869.0,780858289093574656
5201.0,43.0,18.0,1203.0,780800785462489090
11446.0,156.0,69.0,3127.0,780601303617732608
5959.0,78.0,49.0,1629.0,780543529827336192
0.0,0.0,0.0,3431.0,780496263422808064
0.0,0.0,0.0,104.0,780476555013349377
5004.0,31.0,24.0,1005.0,780459368902959104
8223.0,61.0,60.0,2093.0,780192070812196864
0.0,0.0,0.0,2144.0,780092040432480260
11449.0,185.0,85.0,4584.0,780074436359819264
17791.0,275.0,99.0,6513.0,779834332596887552
8271.0,304.0,96.0,2894.0,779377524342161408
0.0,0.0,0.0,17054.0,779124354206535695
,,,,779123168116150273
13927.0,283.0,120.0,4221.0,779056095788752897
18785.0,229.0,89.0,6666.0,778990705243029504
0.0,0.0,0.0,9175.0,778774459159379968
823.0,79.0,11.0,338.0,778764940568104960
6470.0,49.0,44.0,1210.0,778748913645780993
5428.0,82.0,38.0,1395.0,778650543019483137
4347.0,35.0,15.0,943.0,778624900596654080
12889.0,709.0,144.0,4014.0,778408200802557953
0.0,0.0,0.0,11357.0,778396591732486144
5512.0,38.0,32.0,1020.0,778383385161035776
9754.0,194.0,80.0,3068.0,778286810187399168
7998.0,108.0,64.0,2469.0,778039087836069888
6202.0,49.0,43.0,1495.0,778027034220126208
0.0,0.0,0.0,3275.0,777953400541634568
6004.0,96.0,108.0,1518.0,777885040357281792
10638.0,62.0,42.0,2732.0,777684233540206592
0.0,0.0,0.0,3930.0,777641927919427584
8234.0,114.0,39.0,2346.0,777621514455814149
13354.0,157.0,83.0,3993.0,777189768882946048
0.0,0.0,0.0,12636.0,776819012571455488
4615.0,32.0,22.0,1118.0,776813020089548800
8260.0,210.0,56.0,2569.0,776477788987613185
0.0,0.0,0.0,8481.0,776249906839351296
28137.0,676.0,176.0,14761.0,776218204058357768
9038.0,85.0,69.0,2338.0,776201521193218049
11135.0,162.0,78.0,4033.0,776113305656188928
1717.0,26.0,17.0,141.0,776088319444877312
0.0,0.0,0.0,15571.0,775898661951791106
11050.0,136.0,93.0,2468.0,775842724423557120
13102.0,131.0,83.0,3710.0,775733305207554048
12286.0,794.0,189.0,4283.0,775729183532220416
6961.0,131.0,38.0,2723.0,775364825476165632
9593.0,371.0,115.0,3633.0,775350846108426240
,,,,775096608509886464
14651.0,226.0,95.0,4379.0,775085132600442880
8142.0,129.0,86.0,1657.0,774757898236878852
6367.0,45.0,27.0,1617.0,774639387460112384
20566.0,93.0,128.0,5096.0,774314403806253056
10180.0,161.0,63.0,3591.0,773985732834758656
6067.0,99.0,37.0,1630.0,773922284943896577
6246.0,51.0,31.0,1499.0,773704687002451968
5060.0,50.0,37.0,1226.0,773670353721753600
20854.0,234.0,102.0,5706.0,773547596996571136
0.0,0.0,0.0,4681.0,773336787167145985
22012.0,575.0,181.0,6958.0,773308824254029826
8893.0,160.0,49.0,3011.0,773247561583001600
9414.0,239.0,88.0,3811.0,773191612633579521
8060.0,317.0,70.0,3585.0,772877495989305348
7575.0,70.0,39.0,2217.0,772826264096874500
0.0,0.0,0.0,3129.0,772615324260794368
6118.0,60.0,37.0,1588.0,772581559778025472
5686.0,64.0,37.0,1291.0,772193107915964416
3599.0,43.0,18.0,1055.0,772152991789019136
3560.0,65.0,26.0,688.0,772117678702071809
2585.0,33.0,19.0,440.0,772114945936949249
3778.0,48.0,18.0,866.0,772102971039580160
6197.0,21.0,31.0,1759.0,771908950375665664
11303.0,148.0,54.0,3147.0,771770456517009408
7788.0,119.0,88.0,2427.0,771500966810099713
9932.0,225.0,46.0,4681.0,771380798096281600
0.0,0.0,0.0,6909.0,771171053431250945
8624.0,80.0,43.0,2716.0,771136648247640064
5876.0,36.0,22.0,1338.0,771102124360998913
6494.0,38.0,37.0,1539.0,771014301343748096
,,,,771004394259247104
4624.0,48.0,29.0,1107.0,770787852854652928
4897.0,54.0,28.0,1328.0,770772759874076672
,,,,770743923962707968
6935.0,58.0,43.0,1670.0,770655142660169732
5956.0,87.0,52.0,1930.0,770414278348247044
5859.0,64.0,45.0,1358.0,770293558247038976
0.0,0.0,0.0,2819.0,770093767776997377
7159.0,75.0,36.0,2129.0,770069151037685760
29338.0,473.0,123.0,8852.0,769940425801170949
6056.0,35.0,40.0,1566.0,769695466921623552
0.0,0.0,0.0,7143.0,769335591808995329
5087.0,73.0,49.0,1601.0,769212283578875904
13432.0,393.0,117.0,6015.0,768970937022709760
0.0,0.0,0.0,2451.0,768909767477751808
3941.0,38.0,22.0,828.0,768855141948723200
3867.0,68.0,41.0,1100.0,768609597686943744
4739.0,43.0,26.0,1192.0,768596291618299904
0.0,0.0,0.0,5393.0,768554158521745409
12783.0,232.0,79.0,3165.0,768473857036525572
10207.0,210.0,153.0,3275.0,768193404517830656
4477.0,49.0,43.0,1268.0,767884188863397888
15007.0,166.0,58.0,4970.0,767754930266464257
7066.0,101.0,46.0,2155.0,767500508068192258
11550.0,82.0,43.0,3482.0,767191397493538821
9576.0,133.0,49.0,2654.0,767122157629476866
,,,,766864461642756096
4760.0,79.0,38.0,1260.0,766793450729734144
2464.0,8.0,8.0,348.0,766714921925144576
3802.0,56.0,34.0,730.0,766693177336135680
5651.0,68.0,28.0,1460.0,766423258543644672
6359.0,87.0,43.0,1738.0,766313316352462849
0.0,0.0,0.0,2432.0,766078092750233600
3955.0,45.0,22.0,779.0,766069199026450432
3545.0,10.0,20.0,461.0,766008592277377025
6818.0,55.0,39.0,1999.0,765719909049503744
4864.0,92.0,34.0,1134.0,765669560888528897
25151.0,62.0,113.0,3121.0,765395769549590528
6689.0,63.0,32.0,2010.0,765371061932261376
10943.0,103.0,54.0,3129.0,765222098633691136
6092.0,80.0,37.0,1654.0,764857477905154048
5656.0,69.0,38.0,1396.0,764259802650378240
734.0,0.0,0.0,50.0,763956972077010945
11780.0,334.0,91.0,3826.0,763837565564780549
5067.0,70.0,60.0,1364.0,763183847194451968
0.0,0.0,0.0,2761.0,763167063695355904
6951.0,87.0,46.0,2128.0,763103485927849985
11384.0,234.0,95.0,3321.0,762699858130116608
10535.0,328.0,82.0,5930.0,762471784394268675
9665.0,203.0,65.0,3845.0,762464539388485633
4508.0,27.0,17.0,1030.0,762316489655476224
29867.0,1596.0,298.0,14327.0,762035686371364864
5057.0,84.0,53.0,1835.0,761976711479193600
0.0,0.0,0.0,3600.0,761750502866649088
4031.0,24.0,23.0,796.0,761745352076779520
46358.0,2895.0,564.0,26800.0,761672994376806400
3891.0,41.0,19.0,1102.0,761599872357261312
0.0,0.0,0.0,16690.0,761371037149827077
4840.0,39.0,37.0,1342.0,761334018830917632
4200.0,56.0,39.0,1003.0,761292947749015552
5014.0,75.0,46.0,1451.0,761227390836215808
10663.0,112.0,43.0,3221.0,761004547850530816
3579.0,42.0,21.0,891.0,760893934457552897
6190.0,71.0,34.0,1754.0,760656994973933572
4689.0,43.0,19.0,1193.0,760641137271070720
7094.0,206.0,64.0,3353.0,760539183865880579
3935.0,58.0,18.0,1289.0,760521673607086080
25131.0,1409.0,280.0,10585.0,760290219849637889
3713.0,26.0,31.0,798.0,760252756032651264
5364.0,89.0,52.0,1655.0,760190180481531904
0.0,0.0,0.0,28.0,760153949710192640
5544.0,144.0,55.0,1937.0,759943073749200896
,,,,759923798737051648
6301.0,118.0,49.0,1802.0,759846353224826880
5596.0,75.0,38.0,1766.0,759793422261743616
,,,,759566828574212096
4411.0,38.0,21.0,1107.0,759557299618865152
7954.0,94.0,61.0,2280.0,759447681597108224
1563.0,5.0,14.0,453.0,759446261539934208
5711.0,76.0,30.0,1804.0,759197388317847553
0.0,0.0,0.0,1068.0,759159934323924993
13650.0,136.0,82.0,3832.0,759099523532779520
6086.0,67.0,42.0,1852.0,759047813560868866
3330.0,42.0,23.0,843.0,758854675097526272
10497.0,248.0,79.0,3565.0,758828659922702336
5388.0,67.0,29.0,1500.0,758740312047005698
3568.0,36.0,17.0,918.0,758474966123810816
4482.0,182.0,46.0,2032.0,758467244762497024
4888.0,137.0,36.0,1769.0,758405701903519748
3165.0,56.0,27.0,969.0,758355060040593408
17763.0,552.0,150.0,9175.0,758099635764359168
2538.0,22.0,96.0,341.0,758041019896193024
6435.0,125.0,29.0,3034.0,757741869644341248
0.0,0.0,0.0,7224.0,757729163776290825
4259.0,37.0,17.0,1114.0,757725642876129280
4301.0,68.0,21.0,1012.0,757611664640446465
0.0,0.0,0.0,278.0,757597904299253760
4080.0,28.0,26.0,960.0,757596066325864448
14163.0,290.0,87.0,6334.0,757400162377592832
5457.0,53.0,33.0,1580.0,757393109802180609
4220.0,62.0,28.0,1302.0,757354760399941633
5885.0,105.0,41.0,1837.0,756998049151549440
6232.0,71.0,32.0,1845.0,756939218950160384
4714.0,66.0,20.0,1193.0,756651752796094464
9732.0,110.0,66.0,3309.0,756526248105566208
3713.0,53.0,25.0,1008.0,756303284449767430
41264.0,705.0,342.0,16350.0,756288534030475264
5989.0,57.0,22.0,1410.0,756275833623502848
6840.0,147.0,78.0,2638.0,755955933503782912
15334.0,330.0,61.0,4924.0,755206590534418437
19785.0,714.0,172.0,10207.0,755110668769038337
0.0,0.0,0.0,7260.0,754874841593970688
6460.0,76.0,32.0,2315.0,754856583969079297
2423.0,16.0,18.0,478.0,754747087846248448
4943.0,89.0,54.0,1798.0,754482103782404096
3509.0,36.0,25.0,673.0,754449512966619136
7408.0,104.0,42.0,2166.0,754120377874386944
,,,,754011816964026368
5468.0,104.0,45.0,2001.0,753655901052166144
7363.0,193.0,75.0,3246.0,753420520834629632
5367.0,108.0,29.0,1739.0,753398408988139520
7159.0,105.0,79.0,2144.0,753375668877008896
0.0,0.0,0.0,5221.0,753298634498793472
3133.0,18.0,19.0,962.0,753294487569522689
34653.0,1994.0,512.0,19233.0,753039830821511168
3663.0,60.0,22.0,879.0,753026973505581056
11784.0,321.0,108.0,6306.0,752932432744185856
6516.0,55.0,30.0,1446.0,752917284578922496
0.0,0.0,0.0,2626.0,752701944171524096
5619.0,47.0,37.0,1463.0,752682090207055872
4086.0,34.0,22.0,1427.0,752660715232722944
5127.0,118.0,40.0,2095.0,752568224206688256
6877.0,158.0,49.0,3163.0,752519690950500352
3601.0,49.0,32.0,1012.0,752334515931054080
0.0,0.0,0.0,14932.0,752309394570878976
5560.0,43.0,25.0,1675.0,752173152931807232
2853.0,35.0,16.0,833.0,751950017322246144
4846.0,63.0,33.0,1202.0,751937170840121344
5449.0,62.0,25.0,1792.0,751830394383790080
5405.0,168.0,51.0,2625.0,751793661361422336
7427.0,115.0,40.0,2838.0,751598357617971201
4109.0,25.0,24.0,1006.0,751583847268179968
4734.0,50.0,36.0,1149.0,751538714308972544
3019.0,146.0,39.0,926.0,751456908746354688
11756.0,567.0,143.0,5400.0,751251247299190784
5918.0,36.0,12.0,1669.0,751205363882532864
4737.0,41.0,30.0,1188.0,751132876104687617
4474.0,87.0,29.0,1253.0,750868782890057730
12278.0,216.0,74.0,4598.0,750719632563142656
4148.0,34.0,52.0,1056.0,750506206503038976
12323.0,171.0,94.0,3930.0,750429297815552001
4273.0,44.0,25.0,1043.0,750383411068534784
670.0,0.0,1.0,27.0,750381685133418496
2921.0,11.0,18.0,877.0,750147208377409536
3381.0,33.0,15.0,1187.0,750132105863102464
4066.0,44.0,25.0,1215.0,750117059602808832
2853.0,19.0,5.0,777.0,750101899009982464
2029.0,16.0,13.0,493.0,750086836815486976
7271.0,159.0,40.0,3039.0,750071704093859840
2960.0,24.0,11.0,822.0,750056684286914561
2972.0,23.0,13.0,568.0,750041628174217216
2537.0,20.0,14.0,722.0,750026558547456000
3020.0,20.0,18.0,823.0,750011400160841729
2839.0,17.0,10.0,759.0,749996283729883136
4790.0,56.0,25.0,2281.0,749981277374128128
4361.0,63.0,35.0,1215.0,749774190421639168
5703.0,91.0,46.0,1518.0,749417653287129088
2447.0,10.0,14.0,493.0,749403093750648834
7979.0,102.0,65.0,3164.0,749395845976588288
5109.0,98.0,45.0,2055.0,749317047558017024
5381.0,74.0,37.0,1895.0,749075273010798592
4512.0,90.0,38.0,1410.0,749064354620928000
2888.0,25.0,33.0,732.0,749036806121881602
10053.0,68.0,50.0,3139.0,748977405889503236
5423.0,54.0,33.0,2065.0,748932637671223296
2589.0,73.0,33.0,880.0,748705597323898880
4422.0,68.0,32.0,1460.0,748699167502000129
3961.0,43.0,50.0,1230.0,748692773788876800
5647.0,61.0,59.0,1817.0,748575535303884801
2053.0,49.0,26.0,611.0,748568946752774144
4867.0,36.0,43.0,1126.0,748346686624440324
7082.0,224.0,68.0,3744.0,748337862848962560
3463.0,22.0,13.0,696.0,748324050481647620
3449.0,19.0,16.0,657.0,748307329658011649
13161.0,477.0,213.0,7135.0,748220828303695873
5396.0,85.0,39.0,1963.0,747963614829678593
6186.0,107.0,56.0,2365.0,747933425676525569
2728.0,25.0,22.0,882.0,747885874273214464
2635.0,31.0,26.0,677.0,747844099428986880
4511.0,56.0,43.0,1062.0,747816857231626240
1275.0,2.0,5.0,144.0,747651430853525504
12001.0,266.0,119.0,5345.0,747648653817413632
2174.0,25.0,21.0,523.0,747600769478692864
3432.0,44.0,31.0,952.0,747594051852075008
5145.0,43.0,29.0,1480.0,747512671126323200
3607.0,35.0,10.0,951.0,747461612269887489
5046.0,100.0,32.0,1753.0,747439450712596480
0.0,0.0,0.0,2643.0,747242308580548608
4902.0,80.0,33.0,1446.0,747219827526344708
3133.0,16.0,14.0,833.0,747204161125646336
8904.0,146.0,67.0,3637.0,747103485104099331
2729.0,11.0,27.0,271.0,746906459439529985
5588.0,62.0,43.0,1953.0,746872823977771008
4958.0,45.0,27.0,1601.0,746818907684614144
4530.0,64.0,32.0,1468.0,746790600704425984
8871.0,191.0,78.0,3566.0,746757706116112384
5646.0,49.0,34.0,1643.0,746726898085036033
4702.0,66.0,50.0,1749.0,746542875601690625
0.0,0.0,0.0,902.0,746521445350707200
4348.0,33.0,23.0,991.0,746507379341139972
5778.0,61.0,36.0,1493.0,746369468511756288
6409.0,78.0,47.0,2008.0,746131877086527488
3330.0,50.0,21.0,743.0,746056683365994496
3684.0,32.0,19.0,967.0,745789745784041472
6518.0,56.0,53.0,2136.0,745712589599014916
6553.0,66.0,53.0,2316.0,745433870967832576
7959.0,63.0,52.0,2209.0,745422732645535745
6618.0,74.0,37.0,2490.0,745314880350101504
7291.0,198.0,67.0,3191.0,745074613265149952
6770.0,84.0,35.0,2058.0,745057283344719872
2751.0,34.0,19.0,570.0,744995568523612160
7318.0,96.0,45.0,2454.0,744971049620602880
5236.0,39.0,34.0,1444.0,744709971296780288
6346.0,60.0,38.0,1940.0,744334592493166593
145050.0,3704.0,1125.0,70856.0,744234799360020481
1535.0,10.0,15.0,327.0,744223424764059648
3906.0,67.0,27.0,1005.0,743980027717509120
3412.0,14.0,12.0,881.0,743895849529389061
0.0,0.0,0.0,1877.0,743835915802583040
4169.0,28.0,20.0,1271.0,743609206067040256
17004.0,325.0,169.0,5975.0,743595368194129920
3287.0,44.0,22.0,865.0,743545585370791937
7421.0,339.0,75.0,3426.0,743510151680958465
3935.0,6.0,21.0,1125.0,743253157753532416
5746.0,7.0,37.0,1745.0,743222593470234624
3562.0,14.0,32.0,1239.0,743210557239623680
6573.0,29.0,43.0,3287.0,742534281772302336
4115.0,14.0,29.0,1798.0,742528092657332225
6766.0,8.0,29.0,3616.0,742465774154047488
9119.0,138.0,86.0,3431.0,742423170473463808
6303.0,50.0,26.0,1781.0,742385895052087300
4010.0,3.0,29.0,1249.0,742161199639494656
4727.0,13.0,87.0,1405.0,742150209887731712
4222.0,9.0,22.0,1388.0,741793263812808706
7561.0,17.0,36.0,2509.0,741743634094141440
3425.0,3.0,26.0,749.0,741438259667034112
8152.0,54.0,51.0,2934.0,741303864243200000
9255.0,80.0,101.0,5035.0,741099773336379392
8881.0,36.0,41.0,2819.0,741067306818797568
5846.0,35.0,82.0,2479.0,740995100998766593
3156.0,0.0,23.0,866.0,740711788199743490
2654.0,4.0,26.0,710.0,740699697422163968
16873.0,129.0,113.0,6233.0,740676976021798912
32634.0,322.0,179.0,12158.0,740373189193256964
2256.0,0.0,7.0,390.0,740365076218183684
3053.0,2.0,25.0,798.0,740359016048689152
6195.0,0.0,28.0,1791.0,740214038584557568
18545.0,89.0,97.0,5393.0,739979191639244800
3766.0,1.0,14.0,988.0,739932936087216128
3536.0,0.0,17.0,792.0,739844404073074688
3502.0,4.0,11.0,1242.0,739623569819336705
5005.0,1.0,29.0,1497.0,739606147276148736
36541.0,99.0,195.0,19308.0,739544079319588864
6612.0,9.0,57.0,2648.0,739485634323156992
107371.0,1107.0,842.0,52976.0,739238157791694849
91.0,0.0,0.0,6.0,738891149612572673
3505.0,0.0,20.0,1049.0,738885046782832640
3054.0,1.0,24.0,724.0,738883359779196928
4716.0,3.0,22.0,1402.0,738537504001953792
3020.0,2.0,19.0,744.0,738402415918125056
3987.0,3.0,29.0,1111.0,738184450748633089
8097.0,48.0,64.0,3048.0,738166403467907072
2294.0,5.0,37.0,587.0,738156290900254721
4843.0,3.0,32.0,1613.0,737826014890496000
9289.0,6.0,55.0,3181.0,737800304142471168
4640.0,1.0,25.0,1205.0,737678689543020544
9476.0,5.0,56.0,4077.0,737445876994609152
3331.0,0.0,10.0,738.0,737322739594330112
13561.0,54.0,110.0,6767.0,737310737551491075
3897.0,0.0,25.0,1547.0,736736130620620800
16383.0,183.0,108.0,6678.0,736392552031657984
3688.0,0.0,17.0,1120.0,736365877722001409
7509.0,5.0,44.0,2552.0,736225175608430592
7272.0,24.0,30.0,2714.0,736010884653420544
3304.0,0.0,34.0,1038.0,735991953473572864
3744.0,2.0,25.0,1018.0,735648611367784448
5682.0,1.0,53.0,2150.0,735635087207878657
12068.0,28.0,78.0,4559.0,735274964362878976
3076.0,1.0,17.0,804.0,735256018284875776
2885.0,2.0,14.0,887.0,735137028879360001
2550.0,0.0,9.0,473.0,734912297295085568
11598.0,37.0,47.0,5773.0,734787690684657664
2328.0,1.0,12.0,491.0,734776360183431168
1378.0,0.0,7.0,356.0,734559631394082816
3311.0,0.0,13.0,718.0,733828123016450049
3393.0,1.0,26.0,932.0,733822306246479872
2885.0,0.0,17.0,856.0,733482008106668032
3876.0,0.0,35.0,1144.0,733460102733135873
49445.0,283.0,236.0,15571.0,733109485275860992
2236.0,0.0,13.0,484.0,732732193018155009
3301.0,2.0,24.0,801.0,732726085725589504
3368.0,0.0,8.0,713.0,732585889486888962
7452.0,20.0,40.0,2292.0,732375214819057664
13729.0,24.0,48.0,4890.0,732005617171337216
3226.0,1.0,31.0,904.0,731285275100512256
3555.0,3.0,26.0,1146.0,731156023742988288
5660.0,5.0,50.0,1796.0,730924654643314689
4484.0,5.0,41.0,1921.0,730573383004487680
3210.0,1.0,31.0,943.0,730427201120833536
3509.0,0.0,17.0,960.0,730211855403241472
4451.0,3.0,73.0,1714.0,730196704625098752
3720.0,0.0,19.0,1020.0,729854734790754305
1607.0,0.0,17.0,339.0,729838605770891264
3667.0,2.0,17.0,1129.0,729823566028484608
5336.0,2.0,19.0,2101.0,729463711119904772
1747.0,0.0,9.0,288.0,729113531270991872
2899.0,1.0,14.0,742.0,728986383096946689
4309.0,2.0,33.0,1549.0,728760639972315136
2555.0,0.0,20.0,619.0,728751179681943552
3066.0,1.0,35.0,952.0,728653952833728512
4511.0,4.0,45.0,1829.0,728409960103686147
3432.0,1.0,31.0,880.0,728387165835677696
3949.0,1.0,22.0,1086.0,728046963732717569
4174.0,1.0,23.0,1516.0,728035342121635841
3800.0,0.0,17.0,993.0,728015554473250816
2737.0,1.0,26.0,577.0,727685679342333952
5407.0,2.0,50.0,1595.0,727644517743104000
4127.0,3.0,23.0,1092.0,727524757080539137
3072.0,0.0,11.0,673.0,727314416056803329
2836.0,2.0,22.0,748.0,727286334147182592
3605.0,2.0,31.0,1248.0,727175381690781696
3338.0,0.0,46.0,1202.0,727155742655025152
6326.0,2.0,46.0,2216.0,726935089318363137
3538.0,1.0,26.0,1374.0,726887082820554753
3315.0,0.0,22.0,922.0,726828223124897792
4091.0,0.0,26.0,1046.0,726224900189511680
6543.0,61.0,46.0,2432.0,725842289046749185
3861.0,1.0,25.0,1252.0,725786712245440512
4808.0,0.0,38.0,1613.0,725729321944506368
1308.0,0.0,23.0,558.0,725458796924002305
3453.0,1.0,45.0,1173.0,724983749226668032
2164.0,0.0,9.0,570.0,724771698126512129
4886.0,0.0,25.0,1517.0,724405726123311104
3991.0,1.0,30.0,1626.0,724049859469295616
2463.0,1.0,12.0,513.0,724046343203856385
3844.0,0.0,17.0,1397.0,724004602748780546
3602.0,1.0,28.0,1131.0,723912936180330496
7063.0,13.0,38.0,2654.0,723688335806480385
2796.0,0.0,19.0,816.0,723673163800948736
4877.0,15.0,40.0,1697.0,723179728551723008
3780.0,1.0,26.0,1444.0,722974582966214656
4600.0,0.0,45.0,1496.0,722613351520608256
4248.0,3.0,75.0,1650.0,721503162398597120
2351.0,2.0,11.0,552.0,721001180231503872
2866.0,0.0,23.0,700.0,720785406564900865
2262.0,0.0,21.0,573.0,720775346191278080
3809.0,1.0,30.0,1369.0,720415127506415616
5886.0,2.0,60.0,2272.0,720389942216527872
2632.0,2.0,21.0,882.0,720340705894408192
3572.0,0.0,20.0,1023.0,720059472081784833
4594.0,1.0,41.0,1825.0,720043174954147842
4495.0,1.0,23.0,1600.0,719991154352222208
4191.0,0.0,17.0,1303.0,719704490224398336
4664.0,1.0,27.0,1719.0,719551379208073216
2608.0,0.0,18.0,692.0,719367763014393856
4118.0,0.0,29.0,1124.0,719339463458033665
3185.0,0.0,17.0,862.0,719332531645071360
3218.0,0.0,26.0,986.0,718971898235854848
4820.0,1.0,31.0,1590.0,718939241951195136
17418.0,85.0,89.0,7266.0,718631497683582976
2262.0,0.0,22.0,431.0,718613305783398402
2247.0,0.0,20.0,928.0,718540630683709445
2514.0,1.0,8.0,482.0,718460005985447936
4522.0,1.0,14.0,1385.0,718454725339934721
1764.0,0.0,21.0,448.0,718246886998687744
3580.0,0.0,20.0,916.0,718234618122661888
2278.0,0.0,19.0,545.0,717841801130979328
2638.0,2.0,20.0,992.0,717790033953034240
5339.0,0.0,42.0,1668.0,717537687239008257
1482.0,0.0,16.0,408.0,717428917016076293
2899.0,2.0,18.0,761.0,717421804990701568
5822.0,16.0,43.0,1748.0,717047459982213120
2987.0,1.0,22.0,873.0,717009362452090881
3977.0,1.0,17.0,1053.0,716802964044845056
7762.0,22.0,49.0,1461.0,716791146589110272
1138.0,0.0,17.0,397.0,716730379797970944
12055.0,7.0,128.0,5338.0,716447146686459905
2203.0,0.0,11.0,191.0,716439118184652801
2565.0,1.0,22.0,969.0,716285507865542656
6272.0,6.0,27.0,1716.0,716080869887381504
2939.0,0.0,25.0,796.0,715928423106027520
3428.0,2.0,34.0,1295.0,715758151270801409
4304.0,0.0,42.0,1539.0,715733265223708672
2568.0,1.0,11.0,515.0,715704790270025728
3623.0,2.0,33.0,1171.0,715696743237730304
3985.0,1.0,29.0,1452.0,715680795826982913
5052.0,1.0,39.0,1415.0,715360349751484417
2799.0,5.0,21.0,627.0,715342466308784130
2224.0,0.0,10.0,592.0,715220193576927233
4764.0,1.0,28.0,1692.0,715200624753819648
3832.0,0.0,25.0,1108.0,715009755312439296
3445.0,0.0,20.0,937.0,714982300363173890
6770.0,2.0,146.0,3851.0,714962719905021952
3826.0,2.0,20.0,1286.0,714957620017307648
3020.0,0.0,47.0,902.0,714631576617938945
3358.0,1.0,8.0,834.0,714606013974974464
2462.0,5.0,35.0,1013.0,714485234495041536
2829.0,0.0,17.0,673.0,714258258790387713
3035.0,0.0,20.0,765.0,714251586676113411
2123.0,0.0,18.0,802.0,714214115368108032
4014.0,0.0,20.0,1286.0,714141408463036416
3053.0,0.0,19.0,725.0,713919462244790272
1757.0,0.0,23.0,487.0,713909862279876608
2629.0,0.0,9.0,666.0,713900603437621249
4478.0,0.0,13.0,1245.0,713761197720473600
4103.0,0.0,30.0,1191.0,713411074226274305
6669.0,4.0,53.0,2605.0,713177543487135744
4101.0,1.0,23.0,1339.0,713175907180089344
17612.0,84.0,92.0,6114.0,712809025985978368
11365.0,13.0,78.0,4527.0,712717840512598017
3841.0,0.0,18.0,1104.0,712668654853337088
4922.0,0.0,27.0,1424.0,712438159032893441
222.0,0.0,3.0,24.0,712309440758808576
3477.0,0.0,33.0,942.0,712097430750289920
2720.0,2.0,39.0,815.0,712092745624633345
3027.0,0.0,9.0,440.0,712085617388212225
2080.0,0.0,14.0,570.0,712065007010385924
0.0,0.0,0.0,122.0,711998809858043904
7436.0,0.0,65.0,2101.0,711968124745228288
2628.0,0.0,24.0,913.0,711743778164514816
8117.0,0.0,33.0,3706.0,711732680602345472
30365.0,241.0,225.0,16690.0,711694788429553666
3562.0,0.0,26.0,825.0,711652651650457602
3334.0,0.0,15.0,1021.0,711363825979756544
3063.0,0.0,22.0,681.0,711306686208872448
2753.0,1.0,14.0,560.0,711008018775851008
4228.0,1.0,30.0,1270.0,710997087345876993
2358.0,0.0,15.0,617.0,710844581445812225
2478.0,0.0,14.0,477.0,710833117892898816
2147.0,0.0,16.0,516.0,710658690886586372
4448.0,2.0,48.0,2167.0,710609963652087808
4187.0,0.0,49.0,1705.0,710588934686908417
2209.0,1.0,17.0,672.0,710296729921429505
2003.0,0.0,13.0,482.0,710283270106132480
4154.0,1.0,32.0,1147.0,710272297844797440
2206.0,0.0,23.0,1019.0,710269109699739648
2693.0,1.0,21.0,816.0,710153181850935296
2527.0,1.0,25.0,808.0,710140971284037632
5046.0,1.0,25.0,1787.0,710117014656950272
3239.0,5.0,30.0,998.0,709918798883774466
609.0,0.0,26.0,92.0,709901256215666688
3244.0,0.0,28.0,1094.0,709852847387627521
3265.0,0.0,32.0,1079.0,709566166965075968
3030.0,0.0,27.0,977.0,709556954897764353
1390.0,0.0,9.0,219.0,709519240576036864
2029.0,1.0,13.0,520.0,709449600415961088
2431.0,1.0,22.0,619.0,709409458133323776
2216.0,0.0,14.0,523.0,709225125749587968
11461.0,2.0,118.0,5209.0,709207347839836162
2276.0,0.0,29.0,591.0,709198395643068416
1859.0,2.0,32.0,613.0,709179584944730112
1882.0,1.0,8.0,368.0,709158332880297985
4352.0,0.0,46.0,1486.0,709042156699303936
1673.0,0.0,18.0,595.0,708853462201716736
2749.0,0.0,19.0,807.0,708845821941387268
1556.0,0.0,10.0,454.0,708834316713893888
15271.0,116.0,103.0,6283.0,708810915978854401
2549.0,0.0,13.0,744.0,708738143638450176
2348.0,0.0,15.0,644.0,708711088997666817
2349.0,0.0,29.0,620.0,708479650088034305
2864.0,1.0,20.0,733.0,708469915515297792
14716.0,66.0,149.0,9109.0,708400866336894977
3312.0,0.0,35.0,1204.0,708356463048204288
2194.0,1.0,17.0,679.0,708349470027751425
3996.0,0.0,40.0,1416.0,708149363256774660
3109.0,0.0,12.0,786.0,708130923141795840
2490.0,1.0,17.0,900.0,708119489313951744
1808.0,0.0,6.0,503.0,708109389455101952
4078.0,3.0,58.0,1755.0,708026248782585858
2880.0,3.0,20.0,1018.0,707995814724026368
45.0,0.0,1.0,2.0,707983188426153984
2495.0,0.0,32.0,870.0,707969809498152960
3018.0,0.0,35.0,875.0,707776935007539200
2296.0,0.0,15.0,558.0,707741517457260545
3746.0,1.0,35.0,2213.0,707738799544082433
3136.0,0.0,23.0,920.0,707693576495472641
2362.0,0.0,23.0,788.0,707629649552134146
15657.0,88.0,90.0,5750.0,707610948723478529
2075.0,0.0,31.0,637.0,707420581654872064
2122.0,1.0,9.0,548.0,707411934438625280
3229.0,0.0,37.0,1152.0,707387676719185920
3020.0,1.0,25.0,979.0,707377100785885184
2289.0,0.0,15.0,583.0,707315916783140866
2590.0,0.0,20.0,713.0,707297311098011648
2408.0,0.0,18.0,620.0,707059547140169728
2025.0,1.0,23.0,721.0,707038192327901184
3744.0,0.0,22.0,1230.0,707021089608753152
2122.0,0.0,25.0,546.0,707014260413456384
13479.0,161.0,146.0,7143.0,706904523814649856
1891.0,1.0,27.0,528.0,706901761596989440
3034.0,0.0,35.0,896.0,706681918348251136
2359.0,0.0,27.0,990.0,706644897839910912
1993.0,1.0,5.0,582.0,706593038911545345
3204.0,0.0,30.0,1305.0,706538006853918722
2881.0,0.0,26.0,935.0,706516534877929472
3184.0,1.0,18.0,845.0,706346369204748288
19605.0,100.0,73.0,7169.0,706310011488698368
1574.0,0.0,9.0,439.0,706291001778950144
2524.0,1.0,19.0,852.0,706265994973601792
3604.0,0.0,15.0,2009.0,706169069255446529
4750.0,0.0,24.0,1460.0,706166467411222528
1365.0,0.0,10.0,346.0,706153300320784384
2871.0,0.0,17.0,667.0,705975130514706432
2937.0,1.0,21.0,801.0,705970349788291072
2194.0,0.0,15.0,498.0,705898680587526145
1801.0,0.0,16.0,469.0,705786532653883392
2925.0,1.0,20.0,1037.0,705591895322394625
2752.0,0.0,13.0,833.0,705475953783398401
4080.0,0.0,24.0,1466.0,705442520700944385
3528.0,5.0,39.0,1528.0,705428427625635840
2779.0,1.0,24.0,679.0,705239209544720384
2385.0,0.0,23.0,717.0,705223444686888960
1969.0,0.0,5.0,476.0,705102439679201280
2020.0,0.0,16.0,556.0,705066031337840642
3971.0,2.0,37.0,1019.0,704871453724954624
2076.0,0.0,18.0,477.0,704859558691414016
4720.0,0.0,29.0,1373.0,704847917308362754
2456.0,2.0,39.0,900.0,704819833553219584
6154.0,28.0,48.0,2643.0,704761120771465216
2670.0,0.0,18.0,908.0,704499785726889984
691.0,0.0,6.0,71.0,704491224099647488
3157.0,0.0,28.0,983.0,704480331685040129
7368.0,1.0,63.0,3243.0,704364645503647744
1450.0,0.0,10.0,314.0,704347321748819968
1390.0,0.0,13.0,413.0,704134088924532736
1720.0,0.0,21.0,522.0,704113298707505153
2702.0,0.0,18.0,845.0,704054845121142784
1713.0,0.0,12.0,406.0,703774238772166656
3022.0,0.0,23.0,1025.0,703769065844768768
2371.0,0.0,11.0,602.0,703631701117943808
3554.0,0.0,19.0,1386.0,703611486317502464
3508.0,0.0,34.0,1225.0,703425003149250560
2265.0,0.0,14.0,624.0,703407252292673536
3233.0,0.0,23.0,1037.0,703382836347330562
1772.0,0.0,13.0,347.0,703356393781329922
1832.0,0.0,13.0,495.0,703268521220972544
6838.0,0.0,54.0,2811.0,703079050210877440
24401.0,190.0,185.0,11357.0,703041949650034688
2376.0,1.0,35.0,655.0,702932127499816960
1489.0,0.0,18.0,413.0,702899151802126337
2996.0,0.0,28.0,968.0,702684942141153280
2024.0,0.0,17.0,508.0,702671118226825216
11362.0,66.0,67.0,3146.0,702598099714314240
2662.0,0.0,29.0,876.0,702539513671897089
2942.0,1.0,58.0,1389.0,702332542343577600
3039.0,0.0,28.0,957.0,702321140488925184
2290.0,0.0,20.0,696.0,702276748847800320
4409.0,14.0,32.0,1229.0,702217446468493312
3172.0,0.0,24.0,895.0,701981390485725185
3551.0,1.0,31.0,934.0,701952816642965504
3257.0,0.0,30.0,1261.0,701889187134500865
3133.0,0.0,54.0,1514.0,701805642395348998
1929.0,0.0,17.0,418.0,701601587219795968
2587.0,1.0,29.0,842.0,701570477911896070
2459.0,0.0,15.0,552.0,701545186879471618
11311.0,80.0,83.0,4652.0,701214700881756160
2049.0,0.0,14.0,512.0,700890391244103680
2409.0,0.0,12.0,563.0,700864154249383937
2286.0,3.0,21.0,453.0,700847567345688576
2263.0,1.0,39.0,866.0,700796979434098688
21081.0,111.0,144.0,8481.0,700747788515020802
2407.0,2.0,23.0,723.0,700518061187723268
2117.0,0.0,23.0,524.0,700505138482569216
3793.0,0.0,48.0,1631.0,700462010979500032
2439.0,0.0,26.0,660.0,700167517596164096
2062.0,0.0,17.0,611.0,700151421916807169
6949.0,34.0,51.0,2451.0,700143752053182464
2454.0,1.0,32.0,616.0,700062718104104960
1922.0,0.0,11.0,532.0,700029284593901568
3040.0,0.0,31.0,1206.0,700002074055016451
2785.0,0.0,12.0,852.0,699801817392291840
2070.0,0.0,9.0,473.0,699788877217865730
2515.0,0.0,16.0,1113.0,699779630832685056
1815.0,1.0,22.0,543.0,699775878809702401
9499.0,1.0,118.0,4172.0,699691744225525762
5529.0,0.0,58.0,2405.0,699446877801091073
2037.0,1.0,9.0,468.0,699434518667751424
1253.0,0.0,8.0,290.0,699423671849451520
1934.0,0.0,20.0,574.0,699413908797464576
1757.0,0.0,12.0,395.0,699370870310113280
2913.0,2.0,7.0,785.0,699323444782047232
2093.0,0.0,27.0,570.0,699088579889332224
2263.0,0.0,14.0,578.0,699079609774645248
2726.0,0.0,51.0,1084.0,699072405256409088
3443.0,0.0,28.0,1630.0,699060279947165696
2414.0,0.0,15.0,1095.0,699036661657767936
3091.0,1.0,19.0,880.0,698989035503689728
2494.0,0.0,24.0,834.0,698953797952008193
2345.0,0.0,14.0,556.0,698907974262222848
2279.0,0.0,12.0,621.0,698710712454139905
1333.0,2.0,14.0,338.0,698703483621523456
1198.0,0.0,11.0,315.0,698635131305795584
2151.0,0.0,19.0,561.0,698549713696649216
1709.0,0.0,16.0,398.0,698355670425473025
2083.0,2.0,22.0,873.0,698342080612007937
4418.0,1.0,38.0,1803.0,698262614669991936
15562.0,169.0,117.0,5470.0,698195409219559425
2598.0,0.0,14.0,678.0,698178924120031232
1420.0,0.0,9.0,307.0,697995514407682048
3029.0,1.0,32.0,1176.0,697990423684476929
2209.0,0.0,29.0,618.0,697943111201378304
2795.0,0.0,39.0,1060.0,697881462549430272
1604.0,0.0,11.0,499.0,697630435728322560
2901.0,1.0,12.0,926.0,697616773278015490
2791.0,0.0,37.0,1139.0,697596423848730625
1896.0,1.0,18.0,456.0,697575480820686848
1882.0,1.0,50.0,997.0,697516214579523584
2247.0,0.0,14.0,608.0,697482927769255936
3183.0,0.0,28.0,1278.0,697463031882764288
4363.0,2.0,35.0,1724.0,697270446429966336
3048.0,0.0,22.0,909.0,697259378236399616
2854.0,2.0,30.0,1059.0,697255105972801536
2338.0,0.0,22.0,618.0,697242256848379904
2929.0,0.0,30.0,942.0,696900204696625153
2179.0,0.0,13.0,622.0,696894894812565505
4463.0,0.0,23.0,1634.0,696886256886657024
2270.0,0.0,15.0,644.0,696877980375769088
1374.0,0.0,13.0,329.0,696754882863349760
1901.0,0.0,22.0,839.0,696744641916489729
2186.0,0.0,13.0,588.0,696713835009417216
3650.0,0.0,18.0,1574.0,696518437233913856
1135.0,0.0,35.0,127.0,696490539101908992
2318.0,0.0,41.0,929.0,696488710901260288
2940.0,0.0,21.0,1056.0,696405997980676096
1785.0,0.0,16.0,588.0,696100768806522880
2773.0,0.0,16.0,1059.0,695816827381944320
2926.0,0.0,25.0,710.0,695794761660297217
1712.0,0.0,45.0,666.0,695767669421768709
4216.0,1.0,34.0,1901.0,695629776980148225
4103.0,0.0,40.0,1660.0,695446424020918272
8018.0,64.0,101.0,3265.0,695409464418041856
3356.0,1.0,34.0,1306.0,695314793360662529
2472.0,0.0,13.0,552.0,695095422348574720
2626.0,2.0,24.0,999.0,695074328191332352
1482.0,0.0,11.0,530.0,695064344191721472
2442.0,0.0,28.0,719.0,695051054296211456
2506.0,1.0,20.0,826.0,694925794720792577
2547.0,0.0,33.0,842.0,694905863685980160
33130.0,133.0,168.0,13129.0,694669722378485760
1389.0,0.0,8.0,251.0,694356675654983680
1886.0,1.0,9.0,546.0,694352839993344000
1468.0,0.0,10.0,433.0,694342028726001664
1830.0,0.0,26.0,451.0,694329668942569472
3830.0,0.0,18.0,1864.0,694206574471057408
2720.0,0.0,16.0,844.0,694183373896572928
3152.0,0.0,45.0,927.0,694001791655137281
1743.0,0.0,11.0,361.0,693993230313091072
1630.0,0.0,12.0,331.0,693942351086120961
2486.0,0.0,23.0,523.0,693647888581312512
1268.0,0.0,10.0,115.0,693644216740769793
2363.0,0.0,17.0,379.0,693642232151285760
2269.0,0.0,26.0,723.0,693629975228977152
1421.0,0.0,8.0,339.0,693622659251335168
4670.0,4.0,65.0,1787.0,693590843962331137
1525.0,0.0,6.0,223.0,693582294167244802
1634.0,0.0,16.0,572.0,693486665285931008
3098.0,0.0,32.0,1127.0,693280720173801472
2207.0,0.0,12.0,735.0,693267061318012928
2053.0,0.0,15.0,452.0,693262851218264065
2670.0,0.0,24.0,674.0,693231807727280129
7283.0,2.0,44.0,2912.0,693155686491000832
1570.0,3.0,13.0,552.0,693109034023534592
1712.0,1.0,13.0,406.0,693095443459342336
2511.0,1.0,15.0,700.0,692919143163629568
2249.0,0.0,30.0,792.0,692905862751522816
1623.0,0.0,12.0,541.0,692901601640583168
2091.0,0.0,15.0,720.0,692894228850999298
2670.0,0.0,15.0,801.0,692828166163931137
6300.0,0.0,57.0,3319.0,692752401762250755
4044.0,0.0,28.0,1399.0,692568918515392513
2915.0,0.0,75.0,1241.0,692535307825213440
1710.0,1.0,13.0,370.0,692530551048294401
1370.0,0.0,17.0,198.0,692423280028966913
8680.0,68.0,95.0,3146.0,692417313023332352
2345.0,0.0,15.0,751.0,692187005137076224
1979.0,0.0,27.0,724.0,692158366030913536
1515.0,0.0,23.0,355.0,692142790915014657
3132.0,0.0,23.0,1135.0,692041934689402880
2680.0,0.0,23.0,873.0,692017291282812928
3672.0,0.0,30.0,1499.0,691820333922455552
7513.0,3.0,110.0,3842.0,691793053716221953
2610.0,0.0,33.0,890.0,691756958957883396
1800.0,0.0,9.0,461.0,691675652215414786
2209.0,0.0,10.0,503.0,691483041324204033
3746.0,0.0,30.0,1029.0,691459709405118465
2442.0,0.0,18.0,756.0,691444869282295808
17909.0,38.0,92.0,6941.0,691416866452082688
2391.0,0.0,13.0,602.0,691321916024623104
2772.0,0.0,23.0,797.0,691096613310316544
1606.0,0.0,16.0,307.0,691090071332753408
5459.0,2.0,94.0,2623.0,690989312272396288
3325.0,0.0,21.0,1121.0,690959652130045952
3785.0,2.0,27.0,1761.0,690938899477221376
3032.0,1.0,13.0,912.0,690932576555528194
3512.0,0.0,28.0,1159.0,690735892932222976
2009.0,0.0,20.0,469.0,690728923253055490
2159.0,0.0,23.0,754.0,690690673629138944
1202.0,0.0,10.0,250.0,690649993829576704
279.0,0.0,4.0,14.0,690607260360429569
1790.0,0.0,13.0,550.0,690597161306841088
1743.0,1.0,15.0,406.0,690400367696297985
2984.0,1.0,23.0,765.0,690374419777196032
2462.0,2.0,31.0,798.0,690360449368465409
1376.0,0.0,12.0,466.0,690348396616552449
1546.0,1.0,17.0,370.0,690248561355657216
2587.0,0.0,33.0,927.0,690021994562220032
2313.0,0.0,19.0,664.0,690015576308211712
3395.0,1.0,25.0,1545.0,690005060500217858
1309.0,0.0,10.0,330.0,689999384604450816
1349.0,0.0,21.0,410.0,689993469801164801
1272.0,0.0,13.0,411.0,689977555533848577
2264.0,1.0,17.0,624.0,689905486972461056
2807.0,0.0,24.0,1048.0,689877686181715968
2024.0,0.0,10.0,690.0,689835978131935233
3006.0,0.0,31.0,851.0,689661964914655233
9556.0,34.0,85.0,3495.0,689659372465688576
2049.0,0.0,14.0,581.0,689623661272240129
10803.0,0.0,130.0,5038.0,689599056876867584
1908.0,0.0,8.0,407.0,689557536375177216
3142.0,0.0,34.0,1302.0,689517482558820352
2077.0,0.0,36.0,854.0,689289219123089408
3028.0,1.0,22.0,1005.0,689283819090870273
1830.0,0.0,20.0,642.0,689280876073582592
1058.0,0.0,7.0,225.0,689275259254616065
2361.0,1.0,44.0,980.0,689255633275777024
2867.0,0.0,12.0,900.0,689154315265683456
1870.0,1.0,8.0,458.0,689143371370250240
2504.0,0.0,14.0,776.0,688916208532455424
1945.0,0.0,28.0,709.0,688908934925697024
1932.0,0.0,9.0,711.0,688898160958271489
2064.0,3.0,30.0,622.0,688894073864884227
1279.0,0.0,6.0,326.0,688828561667567616
891.0,0.0,9.0,171.0,688804835492233216
2064.0,0.0,20.0,605.0,688789766343622656
2410.0,0.0,22.0,629.0,688547210804498433
2156.0,0.0,13.0,661.0,688519176466644993
8581.0,27.0,49.0,4096.0,688385280030670848
2085.0,1.0,18.0,763.0,688211956440801280
1984.0,0.0,15.0,533.0,688179443353796608
2626.0,0.0,26.0,702.0,688116655151435777
1604.0,1.0,18.0,325.0,688064179421470721
5040.0,0.0,108.0,2261.0,687841446767013888
2527.0,0.0,25.0,1014.0,687826841265172480
2283.0,0.0,19.0,870.0,687818504314159109
2205.0,0.0,15.0,660.0,687807801670897665
1627.0,0.0,15.0,599.0,687732144991551489
2247.0,0.0,19.0,767.0,687704180304273409
1806.0,0.0,15.0,473.0,687664829264453632
1766.0,0.0,27.0,530.0,687494652870668288
1478.0,0.0,12.0,222.0,687480748861947905
1833.0,0.0,35.0,483.0,687476254459715584
1913.0,2.0,16.0,494.0,687460506001633280
1754.0,0.0,43.0,555.0,687399393394311168
18696.0,105.0,102.0,8369.0,687317306314240000
4024.0,0.0,44.0,1743.0,687312378585812992
4984.0,0.0,68.0,2060.0,687127927494963200
2024.0,0.0,12.0,463.0,687124485711986689
5375.0,0.0,26.0,2249.0,687109925361856513
2176.0,0.0,24.0,876.0,687102708889812993
2084.0,0.0,17.0,553.0,687096057537363968
8005.0,12.0,39.0,2913.0,686947101016735744
3248.0,0.0,23.0,1262.0,686760001961103360
3209.0,3.0,55.0,1323.0,686749460672679938
3814.0,0.0,9.0,1096.0,686730991906516992
2616.0,0.0,28.0,736.0,686683045143953408
3416.0,0.0,34.0,1240.0,686618349602762752
1757.0,1.0,13.0,494.0,686606069955735556
1602.0,1.0,26.0,635.0,686394059078897668
3020.0,0.0,19.0,793.0,686386521809772549
2056.0,0.0,15.0,516.0,686377065986265092
2000.0,0.0,24.0,603.0,686358356425093120
3731.0,0.0,44.0,1530.0,686286779679375361
2068.0,0.0,18.0,665.0,686050296934563840
1063.0,0.0,20.0,106.0,686035780142297088
2857.0,0.0,41.0,1042.0,686034024800862208
2286.0,1.0,11.0,367.0,686007916130873345
1683.0,0.0,21.0,565.0,686003207160610816
1942.0,0.0,18.0,478.0,685973236358713344
1501.0,0.0,24.0,536.0,685943807276412928
6917.0,0.0,91.0,2600.0,685906723014619143
1889.0,0.0,15.0,110.0,685681090388975616
2188.0,0.0,15.0,511.0,685667379192414208
2981.0,0.0,37.0,1338.0,685663452032069632
2696.0,0.0,24.0,699.0,685641971164143616
30455.0,29.0,174.0,14174.0,685547936038666240
2814.0,0.0,30.0,1049.0,685532292383666176
8695.0,35.0,48.0,3600.0,685325112850124800
2451.0,0.0,14.0,582.0,685321586178670592
3040.0,0.0,26.0,948.0,685315239903100929
1929.0,0.0,15.0,399.0,685307451701334016
2849.0,0.0,44.0,1081.0,685268753634967552
2142.0,0.0,13.0,590.0,685198997565345792
3792.0,1.0,31.0,1285.0,685169283572338688
2219.0,0.0,16.0,328.0,684969860808454144
6304.0,13.0,67.0,2824.0,684959798585110529
2969.0,0.0,19.0,948.0,684940049151070208
3226.0,0.0,18.0,417.0,684926975086034944
3228.0,0.0,23.0,1327.0,684914660081053696
1721.0,0.0,17.0,468.0,684902183876321280
1925.0,0.0,32.0,731.0,684880619965411328
32438.0,385.0,327.0,19756.0,684830982659280897
2515.0,1.0,17.0,906.0,684800227459624960
8192.0,2.0,48.0,3182.0,684594889858887680
3819.0,0.0,25.0,1284.0,684588130326986752
2770.0,0.0,54.0,1109.0,684567543613382656
2442.0,0.0,45.0,859.0,684538444857667585
3577.0,0.0,42.0,1073.0,684481074559381504
1822.0,1.0,10.0,504.0,684460069371654144
7509.0,0.0,44.0,2959.0,684241637099323392
1148.0,0.0,6.0,184.0,684225744407494656
3527.0,2.0,24.0,1243.0,684222868335505415
1987.0,0.0,31.0,947.0,684200372118904832
1766.0,0.0,33.0,458.0,684195085588783105
3232.0,1.0,16.0,1057.0,684188786104872960
1869.0,0.0,6.0,595.0,684177701129875456
2749.0,0.0,30.0,1377.0,684147889187209216
1865.0,0.0,23.0,426.0,684122891630342144
3804.0,1.0,27.0,1302.0,684097758874210310
3529.0,0.0,15.0,1023.0,683857920510050305
1794.0,1.0,19.0,317.0,683852578183077888
2419.0,1.0,43.0,858.0,683849932751646720
2420.0,0.0,24.0,1025.0,683834909291606017
2591.0,0.0,22.0,974.0,683828599284170753
3081.0,0.0,23.0,1224.0,683773439333797890
5986.0,0.0,66.0,3016.0,683742671509258241
6805.0,67.0,55.0,2626.0,683515932363329536
2938.0,1.0,18.0,875.0,683498322573824003
2456.0,0.0,21.0,907.0,683481228088049664
2245.0,0.0,12.0,620.0,683462770029932544
3583.0,0.0,27.0,1461.0,683449695444799489
7061.0,40.0,41.0,2184.0,683391852557561860
2675.0,0.0,15.0,826.0,683357973142474752
2650.0,3.0,17.0,941.0,683142553609318400
3152.0,10.0,21.0,821.0,683111407806746624
2003.0,0.0,17.0,590.0,683098815881154561
1861.0,0.0,19.0,520.0,683078886620553216
2001.0,0.0,10.0,672.0,683030066213818368
33875.0,124.0,222.0,14931.0,682962037429899265
1633.0,0.0,9.0,155.0,682808988178739200
2288.0,0.0,14.0,1020.0,682788441537560576
1409.0,0.0,9.0,398.0,682750546109968385
1216.0,0.0,16.0,333.0,682697186228989953
2825.0,0.0,17.0,988.0,682662431982772225
1913.0,0.0,15.0,535.0,682638830361513985
3187.0,0.0,30.0,1047.0,682429480204398592
6985.0,21.0,83.0,1591.0,682406705142087680
2080.0,0.0,13.0,598.0,682393905736888321
1544.0,0.0,14.0,425.0,682389078323662849
2829.0,0.0,16.0,889.0,682303737705140231
3818.0,0.0,28.0,1079.0,682259524040966145
2977.0,0.0,20.0,1043.0,682242692827447297
16834.0,146.0,174.0,8927.0,682088079302213632
4550.0,1.0,43.0,1533.0,682059653698686977
2952.0,1.0,24.0,850.0,682047327939461121
6075.0,7.0,40.0,1802.0,682032003584274432
2877.0,1.0,54.0,1373.0,682003177596559360
2600.0,0.0,16.0,922.0,681981167097122816
2275.0,0.0,18.0,748.0,681891461017812993
11842.0,42.0,91.0,3699.0,681694085539872773
1630.0,0.0,13.0,401.0,681679526984871937
2429.0,0.0,13.0,820.0,681654059175129088
1736.0,0.0,18.0,419.0,681610798867845120
3261.0,2.0,28.0,1180.0,681579835668455424
13208.0,29.0,96.0,5221.0,681523177663676416
1518.0,0.0,5.0,245.0,681340665377193984
8570.0,0.0,70.0,3712.0,681339448655802368
2419.0,0.0,15.0,673.0,681320187870711809
3607.0,0.0,53.0,1633.0,681302363064414209
2967.0,0.0,22.0,859.0,681297372102656000
2976.0,0.0,15.0,1000.0,681281657291280384
1335.0,0.0,4.0,237.0,681261549936340994
1362.0,0.0,13.0,471.0,681242418453299201
2245.0,0.0,12.0,441.0,681231109724700672
3426.0,0.0,26.0,1343.0,681193455364796417
2218.0,0.0,24.0,586.0,680970795137544192
4231.0,0.0,25.0,1826.0,680959110691590145
2931.0,2.0,50.0,939.0,680940246314430465
1925.0,0.0,17.0,395.0,680934982542561280
2220.0,0.0,14.0,565.0,680913438424612864
1616.0,0.0,11.0,327.0,680889648562991104
3196.0,1.0,27.0,1185.0,680836378243002368
1987.0,0.0,9.0,607.0,680805554198020098
2196.0,0.0,15.0,743.0,680801747103793152
2612.0,0.0,30.0,940.0,680798457301471234
2415.0,0.0,21.0,629.0,680609293079592961
3320.0,3.0,24.0,1194.0,680583894916304897
3898.0,1.0,36.0,1738.0,680497766108381184
1577.0,0.0,3.0,440.0,680494726643068929
2349.0,1.0,18.0,674.0,680473011644985345
1330.0,0.0,17.0,443.0,680440374763077632
1363.0,0.0,8.0,262.0,680221482581123072
2596.0,0.0,28.0,1052.0,680206703334408192
1985.0,0.0,8.0,445.0,680191257256136705
3571.0,0.0,16.0,1403.0,680176173301628928
2147.0,0.0,10.0,673.0,680161097740095489
3315.0,0.0,16.0,1564.0,680145970311643136
2120.0,1.0,5.0,858.0,680130881361686529
2502.0,0.0,17.0,830.0,680115823365742593
3309.0,0.0,18.0,1254.0,680100725817409536
11783.0,0.0,95.0,8170.0,680085611152338944
2390.0,0.0,26.0,778.0,680070545539371008
,,,,680055455951884288
1807.0,0.0,19.0,582.0,679877062409191424
2016.0,0.0,22.0,598.0,679872969355714560
2257.0,0.0,10.0,557.0,679862121895714818
2617.0,1.0,33.0,1105.0,679854723806179328
2188.0,0.0,27.0,687.0,679844490799091713
33244.0,145.0,168.0,12636.0,679828447187857408
2861.0,0.0,14.0,998.0,679777920601223168
1917.0,1.0,26.0,719.0,679736210798047232
1996.0,0.0,30.0,751.0,679729593985699840
1543.0,0.0,22.0,426.0,679722016581222400
4380.0,0.0,52.0,1889.0,679530280114372609
2435.0,0.0,12.0,653.0,679527802031484928
3078.0,0.0,26.0,1150.0,679511351870550016
2924.0,0.0,38.0,1340.0,679503373272485890
1929.0,0.0,21.0,585.0,679475951516934144
29472.0,211.0,202.0,17054.0,679462823135686656
2170.0,2.0,26.0,1074.0,679405845277462528
19479.0,85.0,190.0,7260.0,679158373988876288
2558.0,0.0,20.0,928.0,679148763231985668
2713.0,1.0,22.0,1037.0,679132435750195208
5445.0,2.0,77.0,2316.0,679111216690831360
15515.0,76.0,82.0,7224.0,679062614270468097
2059.0,0.0,23.0,588.0,679047485189439488
2603.0,1.0,27.0,1097.0,679001094530465792
2077.0,0.0,28.0,1019.0,678991772295516161
1498.0,0.0,15.0,410.0,678969228704284672
2360.0,0.0,16.0,821.0,678800283649069056
3169.0,2.0,31.0,1031.0,678798276842360832
2576.0,0.0,12.0,822.0,678774928607469569
3231.0,3.0,32.0,1233.0,678767140346941444
1483.0,0.0,9.0,418.0,678764513869611008
6498.0,0.0,36.0,2939.0,678755239630127104
3407.0,0.0,34.0,1492.0,678740035362037760
5142.0,43.0,43.0,2197.0,678708137298427904
2608.0,0.0,27.0,1321.0,678675843183484930
1882.0,0.0,6.0,361.0,678643457146150913
3657.0,0.0,20.0,1374.0,678446151570427904
5004.0,13.0,77.0,2285.0,678424312106393600
3834.0,0.0,30.0,1611.0,678410210315247616
73607.0,1321.0,548.0,28639.0,678399652199309312
1458.0,0.0,8.0,375.0,678396796259975168
1712.0,0.0,14.0,383.0,678389028614488064
2246.0,0.0,15.0,822.0,678380236862578688
1575.0,0.0,18.0,474.0,678341075375947776
1183.0,0.0,3.0,226.0,678334497360859136
10433.0,0.0,124.0,5499.0,678278586130948096
1453.0,0.0,20.0,327.0,678255464182861824
1746.0,0.0,17.0,341.0,678023323247357953
12400.0,53.0,138.0,5650.0,678021115718029313
3146.0,0.0,41.0,1527.0,677961670166224897
1220.0,0.0,13.0,364.0,677918531514703872
4402.0,2.0,31.0,1846.0,677895101218201600
2792.0,0.0,22.0,880.0,677716515794329600
3119.0,1.0,17.0,1294.0,677700003327029250
1119.0,0.0,6.0,288.0,677698403548192770
2266.0,0.0,16.0,758.0,677687604918272002
3039.0,1.0,33.0,1352.0,677673981332312066
1778.0,0.0,21.0,844.0,677662372920729601
1713.0,0.0,14.0,728.0,677644091929329666
1940.0,0.0,8.0,600.0,677573743309385728
1195.0,0.0,14.0,413.0,677565715327688705
2229.0,0.0,22.0,1019.0,677557565589463040
6335.0,2.0,57.0,3301.0,677547928504967168
970.0,0.0,6.0,204.0,677530072887205888
2766.0,1.0,47.0,1554.0,677335745548390400
1230.0,0.0,12.0,253.0,677334615166730240
989.0,0.0,9.0,209.0,677331501395156992
3343.0,1.0,40.0,1349.0,677328882937298944
1504.0,0.0,14.0,472.0,677314812125323265
1118.0,0.0,21.0,355.0,677301033169788928
1800.0,1.0,13.0,637.0,677269281705472000
3216.0,0.0,24.0,1468.0,677228873407442944
2487.0,0.0,15.0,815.0,677187300187611136
2531.0,0.0,27.0,953.0,676975532580409345
2030.0,0.0,13.0,721.0,676957860086095872
1189.0,0.0,6.0,350.0,676949632774234114
1963.0,0.0,21.0,778.0,676948236477857792
1581.0,0.0,8.0,328.0,676946864479084545
1881.0,0.0,36.0,668.0,676942428000112642
11643.0,123.0,81.0,4440.0,676936541936185344
2701.0,0.0,42.0,1621.0,676916996760600576
2054.0,7.0,24.0,650.0,676897532954456065
1905.0,0.0,25.0,629.0,676864501615042560
20770.0,161.0,113.0,13830.0,676821958043033607
1658.0,1.0,6.0,602.0,676819651066732545
1311.0,0.0,4.0,381.0,676811746707918848
4534.0,0.0,58.0,1805.0,676776431406465024
2620.0,0.0,26.0,857.0,676617503762681856
988.0,0.0,10.0,178.0,676613908052996102
1725.0,0.0,10.0,388.0,676606785097199616
1045.0,0.0,14.0,342.0,676603393314578432
4143.0,0.0,51.0,1897.0,676593408224403456
842.0,0.0,17.0,110.0,676590572941893632
2088.0,0.0,32.0,701.0,676588346097852417
1082.0,0.0,11.0,252.0,676582956622721024
2338.0,0.0,20.0,993.0,676575501977128964
1704.0,0.0,4.0,490.0,676533798876651520
1378.0,1.0,15.0,472.0,676496375194980353
10612.0,0.0,40.0,4191.0,676470639084101634
1568.0,0.0,12.0,593.0,676440007570247681
1267.0,0.0,10.0,303.0,676430933382295552
1897.0,0.0,22.0,485.0,676263575653122048
1092.0,0.0,8.0,251.0,676237365392908289
71060.0,517.0,359.0,27846.0,676219687039057920
1575.0,0.0,17.0,518.0,676215927814406144
2057.0,0.0,12.0,922.0,676191832485810177
1755.0,0.0,13.0,593.0,676146341966438401
1969.0,0.0,22.0,1030.0,676121918416756736
2587.0,0.0,14.0,1053.0,676101918813499392
2685.0,0.0,25.0,1253.0,676098748976615425
1185.0,0.0,12.0,393.0,676089483918516224
1449.0,0.0,16.0,506.0,675898130735476737
1928.0,0.0,28.0,767.0,675891555769696257
2122.0,0.0,17.0,842.0,675888385639251968
3785.0,1.0,26.0,1242.0,675878199931371520
1473.0,0.0,25.0,501.0,675870721063669760
2432.0,1.0,16.0,1140.0,675853064436391936
867.0,0.0,12.0,123.0,675849018447167488
2051.0,0.0,15.0,781.0,675845657354215424
1383.0,0.0,15.0,477.0,675822767435051008
960.0,0.0,7.0,208.0,675820929667219457
9332.0,118.0,75.0,3055.0,675798442703122432
1458.0,0.0,10.0,420.0,675781562965868544
1063.0,0.0,9.0,297.0,675740360753160193
1695.0,0.0,12.0,722.0,675710890956750848
1787.0,0.0,13.0,602.0,675707330206547968
583.0,0.0,2.0,86.0,675706639471788032
1666.0,1.0,14.0,365.0,675534494439489536
1071.0,0.0,7.0,333.0,675531475945709568
944.0,0.0,4.0,248.0,675522403582218240
1151.0,0.0,4.0,409.0,675517828909424640
15586.0,221.0,216.0,5235.0,675501075957489664
2828.0,0.0,22.0,1139.0,675497103322386432
1155.0,0.0,10.0,528.0,675489971617296384
1668.0,0.0,14.0,858.0,675483430902214656
1364.0,0.0,7.0,504.0,675432746517426176
1533.0,1.0,8.0,458.0,675372240448454658
943.0,0.0,2.0,196.0,675362609739206656
29538.0,197.0,525.0,14932.0,675354435921575936
3535.0,0.0,78.0,2005.0,675349384339542016
2489.0,1.0,12.0,1137.0,675334060156301312
3179.0,0.0,43.0,1389.0,675166823650848770
5606.0,3.0,46.0,2267.0,675153376133427200
3356.0,0.0,40.0,1504.0,675149409102012420
841.0,0.0,7.0,200.0,675147105808306176
1058.0,0.0,3.0,257.0,675146535592706048
1919.0,0.0,12.0,786.0,675145476954566656
1168.0,0.0,13.0,414.0,675135153782571009
1742.0,0.0,16.0,691.0,675113801096802304
869.0,0.0,5.0,213.0,675111688094527488
2524.0,0.0,21.0,1000.0,675109292475830276
930.0,0.0,10.0,276.0,675047298674663426
2427.0,0.0,36.0,1048.0,675015141583413248
877.0,0.0,9.0,202.0,675006312288268288
1395.0,0.0,9.0,406.0,675003128568291329
1997.0,0.0,26.0,958.0,674999807681908736
766.0,0.0,9.0,319.0,674805413498527744
2709.0,0.0,21.0,754.0,674800520222154752
2230.0,0.0,35.0,955.0,674793399141146624
988.0,0.0,5.0,219.0,674790488185167872
720.0,0.0,8.0,182.0,674788554665512960
1810.0,0.0,24.0,1051.0,674781762103414784
992.0,0.0,5.0,415.0,674774481756377088
1636.0,0.0,10.0,693.0,674767892831932416
700.0,0.0,5.0,201.0,674764817387900928
1228.0,0.0,11.0,384.0,674754018082705410
1314.0,0.0,4.0,402.0,674752233200820224
1261.0,0.0,12.0,469.0,674743008475090944
431.0,0.0,2.0,45.0,674742531037511680
969.0,0.0,14.0,328.0,674739953134403584
582.0,0.0,8.0,81.0,674737130913071104
1027.0,0.0,23.0,413.0,674690135443775488
1451.0,0.0,14.0,570.0,674670581682434048
813.0,0.0,5.0,206.0,674664755118911488
1284.0,0.0,8.0,430.0,674646392044941312
933.0,0.0,14.0,243.0,674644256330530816
1521.0,0.0,11.0,515.0,674638615994089473
1346.0,0.0,7.0,503.0,674632714662858753
841.0,0.0,2.0,87.0,674606911342424069
5581.0,1.0,33.0,1791.0,674468880899788800
958.0,0.0,8.0,315.0,674447403907457024
987.0,0.0,10.0,346.0,674436901579923456
1286.0,0.0,12.0,468.0,674422304705744896
611.0,0.0,7.0,117.0,674416750885273600
1070.0,0.0,6.0,403.0,674410619106390016
1337.0,3.0,17.0,490.0,674394782723014656
767.0,0.0,15.0,280.0,674372068062928900
507.0,0.0,1.0,67.0,674330906434379776
1258.0,0.0,24.0,452.0,674318007229923329
10169.0,5.0,135.0,6059.0,674307341513269249
13215.0,113.0,117.0,5160.0,674291837063053312
1397.0,1.0,13.0,645.0,674271431610523648
826.0,0.0,5.0,204.0,674269164442398721
1463.0,0.0,26.0,735.0,674265582246694913
1181.0,0.0,7.0,385.0,674262580978937856
1308.0,0.0,10.0,469.0,674255168825880576
683.0,0.0,2.0,144.0,674082852460433408
891.0,2.0,4.0,246.0,674075285688614912
5745.0,8.0,44.0,1916.0,674063288070742018
2956.0,0.0,16.0,1133.0,674053186244734976
1294.0,0.0,17.0,432.0,674051556661161984
1267.0,0.0,13.0,567.0,674045139690631169
637.0,0.0,7.0,111.0,674042553264685056
983.0,1.0,12.0,370.0,674038233588723717
760.0,0.0,7.0,181.0,674036086168010753
1587.0,0.0,22.0,1088.0,674024893172875264
1019.0,0.0,12.0,266.0,674019345211760640
1391.0,0.0,9.0,563.0,674014384960745472
1085.0,0.0,5.0,305.0,674008982932058114
1753.0,0.0,14.0,843.0,673956914389192708
1059.0,0.0,6.0,328.0,673919437611909120
2854.0,1.0,20.0,1439.0,673906403526995968
845.0,0.0,3.0,222.0,673887867907739649
2791.0,0.0,24.0,672.0,673716320723169284
3168.0,1.0,59.0,1818.0,673715861853720576
942.0,0.0,13.0,266.0,673711475735838725
755.0,0.0,12.0,236.0,673709992831262724
954.0,0.0,12.0,257.0,673708611235921920
989.0,1.0,11.0,346.0,673707060090052608
1125.0,0.0,1.0,359.0,673705679337693185
1283.0,0.0,10.0,502.0,673700254269775872
3520.0,1.0,42.0,1702.0,673697980713705472
1547.0,0.0,8.0,574.0,673689733134946305
1127.0,0.0,19.0,440.0,673688752737402881
1277.0,0.0,10.0,377.0,673686845050527744
1229.0,1.0,19.0,418.0,673680198160809984
1131.0,0.0,9.0,329.0,673662677122719744
651.0,0.0,7.0,201.0,673656262056419329
996.0,0.0,5.0,314.0,673636718965334016
1427.0,0.0,14.0,632.0,673612854080196609
1070.0,0.0,6.0,317.0,673583129559498752
737.0,0.0,6.0,240.0,673580926094458881
1235.0,0.0,20.0,489.0,673576835670777856
931.0,0.0,5.0,268.0,673363615379013632
1289.0,0.0,20.0,594.0,673359818736984064
1347.0,0.0,7.0,498.0,673355879178194945
1497.0,0.0,9.0,477.0,673352124999274496
687.0,1.0,0.0,185.0,673350198937153538
2235.0,0.0,13.0,1107.0,673345638550134785
861.0,0.0,4.0,236.0,673343217010679808
1141.0,0.0,10.0,493.0,673342308415348736
11997.0,92.0,109.0,6909.0,673320132811366400
783.0,0.0,5.0,217.0,673317986296586240
6744.0,85.0,56.0,2761.0,673295268553605120
960.0,0.0,8.0,313.0,673270968295534593
1280.0,1.0,11.0,619.0,673240798075449344
1980.0,0.0,7.0,725.0,673213039743795200
1494.0,0.0,18.0,551.0,673148804208660480
1759.0,0.0,16.0,632.0,672997845381865473
846.0,0.0,8.0,255.0,672995267319328768
879.0,0.0,8.0,254.0,672988786805112832
1120.0,0.0,12.0,471.0,672984142909456390
1632.0,0.0,19.0,894.0,672980819271634944
1499.0,0.0,18.0,786.0,672975131468300288
841.0,0.0,17.0,307.0,672970152493887488
1188.0,0.0,11.0,474.0,672968025906282496
1263.0,0.0,13.0,557.0,672964561327235073
1234.0,0.0,8.0,426.0,672902681409806336
797.0,1.0,8.0,364.0,672898206762672129
1373.0,0.0,10.0,733.0,672884426393653248
910.0,1.0,13.0,306.0,672877615439593473
1160.0,0.0,11.0,505.0,672834301050937345
1110.0,0.0,5.0,420.0,672828477930868736
875.0,0.0,10.0,274.0,672640509974827008
1151.0,0.0,9.0,424.0,672622327801233409
1091.0,0.0,12.0,512.0,672614745925664768
972.0,0.0,21.0,338.0,672609152938721280
975.0,0.0,11.0,339.0,672604026190569472
1182.0,0.0,10.0,533.0,672594978741354496
848.0,0.0,3.0,288.0,672591762242805761
644.0,0.0,5.0,157.0,672591271085670400
904.0,0.0,7.0,319.0,672538107540070400
554.0,0.0,5.0,147.0,672523490734551040
991.0,0.0,18.0,376.0,672488522314567680
993.0,0.0,11.0,521.0,672482722825261057
641.0,0.0,7.0,111.0,672481316919734272
1297.0,1.0,12.0,609.0,672475084225949696
1195.0,0.0,8.0,451.0,672466075045466113
5738.0,0.0,62.0,2944.0,672272411274932228
1318.0,0.0,15.0,540.0,672267570918129665
1012.0,0.0,7.0,288.0,672264251789176834
2521.0,0.0,26.0,1331.0,672256522047614977
1276.0,0.0,17.0,654.0,672254177670729728
1536.0,1.0,10.0,525.0,672248013293752320
609.0,0.0,6.0,133.0,672245253877968896
807.0,0.0,8.0,277.0,672239279297454080
1625.0,1.0,9.0,877.0,672231046314901505
703.0,1.0,6.0,176.0,672222792075620352
1998.0,0.0,32.0,1012.0,672205392827572224
909.0,0.0,9.0,320.0,672169685991993344
767.0,0.0,11.0,304.0,672160042234327040
1553.0,0.0,15.0,599.0,672139350159835138
2122.0,0.0,18.0,995.0,672125275208069120
880.0,0.0,8.0,328.0,672095186491711488
841.0,0.0,9.0,320.0,672082170312290304
1142.0,0.0,15.0,440.0,672068090318987265
7638.0,108.0,73.0,3686.0,671896809300709376
1178.0,1.0,3.0,486.0,671891728106971137
3118.0,0.0,23.0,1215.0,671882082306625538
1250.0,0.0,5.0,576.0,671879137494245376
1108.0,0.0,5.0,480.0,671874878652489728
1000.0,0.0,4.0,422.0,671866342182637568
795.0,0.0,8.0,376.0,671855973984772097
6332.0,70.0,48.0,3008.0,671789708968640512
1052.0,0.0,9.0,435.0,671768281401958400
1497.0,0.0,16.0,777.0,671763349865160704
1212.0,0.0,9.0,667.0,671744970634719232
676.0,1.0,3.0,202.0,671743150407421952
1292.0,0.0,11.0,659.0,671735591348891648
7515.0,1.0,82.0,3817.0,671729906628341761
11411.0,0.0,90.0,6331.0,671561002136281088
811.0,0.0,8.0,183.0,671550332464455680
1206.0,0.0,12.0,499.0,671547767500775424
1735.0,0.0,17.0,890.0,671544874165002241
966.0,1.0,10.0,487.0,671542985629241344
836.0,0.0,11.0,337.0,671538301157904385
1036.0,0.0,9.0,345.0,671536543010570240
901.0,0.0,6.0,497.0,671533943490011136
741.0,0.0,4.0,219.0,671528761649688577
1223.0,0.0,11.0,454.0,671520732782923777
833.0,1.0,5.0,254.0,671518598289059840
1428.0,0.0,9.0,606.0,671511350426865664
6251.0,0.0,58.0,3136.0,671504605491109889
828.0,2.0,6.0,392.0,671497587707535361
886.0,0.0,6.0,415.0,671488513339211776
512.0,0.0,4.0,173.0,671486386088865792
679.0,0.0,2.0,197.0,671485057807351808
1282.0,1.0,9.0,657.0,671390180817915904
981.0,0.0,10.0,257.0,671362598324076544
351.0,0.0,2.0,133.0,671357843010908160
421.0,0.0,1.0,105.0,671355857343524864
835.0,0.0,13.0,371.0,671347597085433856
642.0,0.0,6.0,179.0,671186162933985280
979.0,0.0,5.0,284.0,671182547775299584
782.0,0.0,7.0,301.0,671166507850801152
1461.0,4.0,12.0,970.0,671163268581498880
313.0,0.0,2.0,69.0,671159727754231808
626.0,0.0,2.0,186.0,671154572044468225
589.0,0.0,2.0,129.0,671151324042559489
586.0,0.0,7.0,192.0,671147085991960577
1024.0,0.0,9.0,572.0,671141549288370177
822.0,1.0,3.0,345.0,671138694582165504
655.0,0.0,5.0,163.0,671134062904504320
3094.0,0.0,31.0,2194.0,671122204919246848
1217.0,0.0,12.0,675.0,671115716440031232
1008.0,0.0,4.0,379.0,671109016219725825
969.0,0.0,2.0,245.0,670995969505435648
22111.0,98.0,77.0,7585.0,670842764863651840
524.0,1.0,4.0,167.0,670840546554966016
984.0,0.0,9.0,599.0,670838202509447168
382.0,0.0,0.0,108.0,670833812859932673
647.0,0.0,6.0,186.0,670832455012716544
4881.0,2.0,52.0,3518.0,670826280409919488
677.0,0.0,4.0,162.0,670823764196741120
545.0,0.0,6.0,83.0,670822709593571328
2794.0,3.0,23.0,1325.0,670815497391357952
984.0,0.0,7.0,232.0,670811965569282048
1050.0,0.0,7.0,429.0,670807719151067136
1742.0,1.0,16.0,825.0,670804601705242624
302.0,0.0,0.0,78.0,670803562457407488
661.0,2.0,8.0,205.0,670797304698376195
735.0,0.0,5.0,238.0,670792680469889025
586.0,0.0,4.0,210.0,670789397210615808
531.0,0.0,3.0,172.0,670786190031921152
725.0,0.0,7.0,330.0,670783437142401025
1355.0,0.0,19.0,662.0,670782429121134593
704.0,0.0,1.0,250.0,670780561024270336
298.0,0.0,7.0,62.0,670778058496974848
960.0,0.0,6.0,372.0,670764103623966721
393.0,0.0,2.0,89.0,670755717859713024
851.0,0.0,13.0,447.0,670733412878163972
738.0,0.0,4.0,314.0,670727704916926465
1058.0,0.0,10.0,421.0,670717338665226240
687.0,1.0,8.0,320.0,670704688707301377
521.0,0.0,4.0,210.0,670691627984359425
668.0,0.0,5.0,243.0,670679630144274432
215.0,1.0,3.0,35.0,670676092097810432
9480.0,1.0,51.0,4331.0,670668383499735048
1342.0,0.0,7.0,634.0,670474236058800128
317.0,1.0,1.0,77.0,670468609693655041
856.0,0.0,12.0,469.0,670465786746662913
490.0,0.0,13.0,175.0,670452855871037440
1076.0,0.0,8.0,571.0,670449342516494336
6064.0,27.0,28.0,1748.0,670444955656130560
581.0,1.0,3.0,176.0,670442337873600512
941.0,0.0,11.0,438.0,670435821946826752
1259.0,0.0,10.0,563.0,670434127938719744
296.0,0.0,2.0,100.0,670433248821026816
1235.0,0.0,6.0,524.0,670428280563085312
465.0,0.0,4.0,142.0,670427002554466305
1148.0,0.0,16.0,554.0,670421925039075328
542.0,0.0,8.0,265.0,670420569653809152
501.0,0.0,7.0,282.0,670417414769758208
1796.0,0.0,18.0,773.0,670411370698022913
488.0,0.0,4.0,189.0,670408998013820928
378.0,0.0,3.0,130.0,670403879788544000
495.0,0.0,4.0,174.0,670385711116361728
669.0,1.0,4.0,238.0,670374371102445568
290.0,0.0,2.0,56.0,670361874861563904
374.0,0.0,4.0,96.0,670338931251150849
3473.0,18.0,15.0,1068.0,670319130621435904
384.0,0.0,2.0,107.0,670303360680108032
622.0,0.0,2.0,250.0,670290420111441920
913.0,0.0,18.0,280.0,670093938074779648
623.0,1.0,10.0,219.0,670086499208155136
1957.0,0.0,19.0,1059.0,670079681849372674
1388.0,0.0,12.0,681.0,670073503555706880
555.0,0.0,4.0,205.0,670069087419133954
670.0,0.0,8.0,291.0,670061506722140161
592.0,0.0,3.0,280.0,670055038660800512
576.0,0.0,6.0,153.0,670046952931721218
662.0,0.0,2.0,97.0,670040295598354432
527.0,0.0,3.0,240.0,670037189829525505
296.0,0.0,4.0,77.0,670003130994700288
288.0,1.0,3.0,70.0,669993076832759809
396.0,0.0,0.0,134.0,669972011175813120
272.0,0.0,1.0,43.0,669970042633789440
445.0,0.0,3.0,134.0,669942763794931712
340.0,0.0,2.0,82.0,669926384437997569
202.0,0.0,1.0,50.0,669923323644657664
711.0,0.0,1.0,342.0,669753178989142016
229.0,0.0,2.0,55.0,669749430875258880
449.0,0.0,9.0,75.0,669684865554620416
338.0,0.0,3.0,94.0,669683899023405056
312.0,0.0,3.0,116.0,669682095984410625
588.0,0.0,7.0,245.0,669680153564442624
715.0,0.0,10.0,369.0,669661792646373376
3134.0,0.0,16.0,1576.0,669625907762618368
848.0,0.0,3.0,317.0,669603084620980224
448.0,0.0,4.0,134.0,669597912108789760
1324.0,0.0,10.0,806.0,669583744538451968
388.0,0.0,4.0,120.0,669573570759163904
1410.0,0.0,8.0,886.0,669571471778410496
202.0,1.0,2.0,45.0,669567591774625800
337.0,0.0,4.0,105.0,669564461267722241
312.0,0.0,2.0,62.0,669393256313184256
1181.0,0.0,8.0,635.0,669375718304980992
437.0,0.0,5.0,148.0,669371483794317312
407.0,0.0,5.0,131.0,669367896104181761
558.0,0.0,4.0,202.0,669363888236994561
332.0,0.0,1.0,103.0,669359674819481600
2397.0,1.0,26.0,1095.0,669354382627049472
565.0,0.0,3.0,231.0,669353438988365824
382.0,0.0,4.0,157.0,669351434509529089
908.0,1.0,9.0,367.0,669328503091937280
498.0,0.0,3.0,102.0,669327207240699904
440.0,0.0,3.0,182.0,669324657376567296
1060.0,1.0,9.0,348.0,669216679721873412
386.0,0.0,3.0,135.0,669214165781868544
892.0,0.0,5.0,409.0,669203728096960512
575.0,0.0,6.0,266.0,669037058363662336
651.0,0.0,7.0,325.0,669015743032369152
512.0,0.0,8.0,209.0,669006782128353280
18718.0,242.0,135.0,5536.0,669000397445533696
391.0,0.0,4.0,191.0,668994913074286592
660.0,0.0,5.0,294.0,668992363537309700
596.0,1.0,14.0,288.0,668989615043424256
801.0,0.0,6.0,391.0,668988183816871936
479.0,1.0,2.0,140.0,668986018524233728
485.0,0.0,2.0,259.0,668981893510119424
706.0,0.0,3.0,293.0,668979806671884288
1158.0,0.0,6.0,498.0,668975677807423489
127.0,0.0,0.0,18.0,668967877119254528
620.0,0.0,2.0,210.0,668960084974809088
241.0,0.0,1.0,63.0,668955713004314625
227.0,0.0,2.0,50.0,668932921458302977
275.0,0.0,4.0,87.0,668902994700836864
354.0,0.0,3.0,126.0,668892474547511297
477.0,0.0,5.0,268.0,668872652652679168
410.0,0.0,3.0,139.0,668852170888998912
383.0,0.0,3.0,112.0,668826086256599040
494.0,0.0,8.0,227.0,668815180734689280
632.0,0.0,3.0,325.0,668779399630725120
474.0,0.0,2.0,190.0,668655139528511488
776.0,0.0,10.0,459.0,668645506898350081
789.0,0.0,8.0,447.0,668643542311546881
945.0,1.0,9.0,467.0,668641109086707712
921.0,0.0,9.0,435.0,668636665813057536
2472.0,1.0,36.0,1385.0,668633411083464705
621.0,0.0,10.0,281.0,668631377374486528
281.0,0.0,1.0,97.0,668627278264475648
330.0,0.0,1.0,112.0,668625577880875008
1249.0,0.0,6.0,655.0,668623201287675904
181.0,1.0,1.0,35.0,668620235289837568
544.0,0.0,7.0,271.0,668614819948453888
1479.0,2.0,33.0,925.0,668587383441514497
206.0,0.0,0.0,46.0,668567822092664832
452.0,0.0,4.0,197.0,668544745690562560
403.0,0.0,2.0,182.0,668542336805281792
225.0,0.0,1.0,60.0,668537837512433665
404.0,0.0,7.0,189.0,668528771708952576
280.0,0.0,8.0,87.0,668507509523615744
360.0,0.0,6.0,115.0,668496999348633600
372.0,0.0,3.0,208.0,668484198282485761
397.0,0.0,3.0,128.0,668480044826800133
772.0,0.0,10.0,443.0,668466899341221888
557.0,0.0,5.0,255.0,668297328638447616
213.0,0.0,0.0,28.0,668291999406125056
436.0,0.0,4.0,119.0,668286279830867968
723.0,0.0,6.0,198.0,668274247790391296
486.0,0.0,4.0,206.0,668268907921326080
1154.0,0.0,11.0,518.0,668256321989451776
844.0,0.0,9.0,408.0,668248472370458624
5457.0,0.0,19.0,2433.0,668237644992782336
247.0,0.0,3.0,84.0,668226093875376128
452.0,0.0,1.0,169.0,668221241640230912
489.0,0.0,8.0,172.0,668204964695683073
577.0,0.0,1.0,170.0,668190681446379520
425.0,0.0,2.0,161.0,668171859951755264
440.0,0.0,4.0,272.0,668154635664932864
511.0,1.0,2.0,239.0,668142349051129856
587.0,0.0,3.0,208.0,668113020489474048
1115.0,1.0,7.0,695.0,667937095915278337
265.0,0.0,2.0,95.0,667924896115245057
184.0,0.0,2.0,45.0,667915453470232577
431.0,0.0,1.0,245.0,667911425562669056
762.0,0.0,7.0,334.0,667902449697558528
1651.0,2.0,13.0,909.0,667886921285246976
731.0,0.0,3.0,401.0,667885044254572545
349.0,0.0,1.0,101.0,667878741721415682
553.0,0.0,1.0,339.0,667873844930215936
2720.0,15.0,17.0,902.0,667866724293877760
221.0,0.0,2.0,69.0,667861340749471744
256.0,0.0,2.0,55.0,667832474953625600
931.0,0.0,4.0,421.0,667806454573760512
284.0,0.0,1.0,82.0,667801013445750784
610.0,0.0,1.0,285.0,667793409583771648
363.0,0.0,3.0,210.0,667782464991965184
204.0,0.0,3.0,44.0,667773195014021121
373.0,0.0,3.0,184.0,667766675769573376
324.0,0.0,1.0,128.0,667728196545200128
423.0,0.0,4.0,269.0,667724302356258817
0.0,0.0,0.0,29.0,667550904950915073
0.0,0.0,0.0,26.0,667550882905632768
5116.0,41.0,63.0,1964.0,667549055577362432
302.0,0.0,6.0,108.0,667546741521195010
763.0,0.0,9.0,459.0,667544320556335104
176.0,0.0,0.0,58.0,667538891197542400
719.0,0.0,2.0,446.0,667534815156183040
412.0,0.0,6.0,207.0,667530908589760512
1508.0,0.0,15.0,970.0,667524857454854144
332.0,0.0,1.0,166.0,667517642048163840
6073.0,126.0,42.0,1867.0,667509364010450944
485.0,0.0,2.0,195.0,667502640335572993
458.0,1.0,6.0,232.0,667495797102141441
459.0,0.0,3.0,190.0,667491009379606528
225.0,0.0,1.0,85.0,667470559035432960
171.0,0.0,2.0,53.0,667455448082227200
279.0,0.0,5.0,74.0,667453023279554560
683.0,0.0,7.0,490.0,667443425659232256
396.0,0.0,3.0,200.0,667437278097252352
267.0,0.0,3.0,77.0,667435689202614272
412.0,0.0,4.0,197.0,667405339315146752
168.0,0.0,3.0,50.0,667393430834667520
328.0,0.0,1.0,145.0,667369227918143488
425.0,0.0,3.0,210.0,667211855547486208
546.0,0.0,6.0,228.0,667200525029539841
333.0,0.0,4.0,86.0,667192066997374976
643.0,0.0,5.0,334.0,667188689915760640
12560.0,304.0,103.0,5288.0,667182792070062081
166.0,1.0,0.0,48.0,667177989038297088
527.0,0.0,5.0,389.0,667176164155375616
218.0,0.0,1.0,70.0,667174963120574464
186.0,0.0,2.0,72.0,667171260800061440
2383.0,0.0,33.0,973.0,667165590075940865
219.0,0.0,2.0,50.0,667160273090932737
42342.0,368.0,293.0,14643.0,667152164079423490
4021.0,52.0,34.0,1877.0,667138269671505920
286.0,0.0,3.0,107.0,667119796878725120
287.0,0.0,0.0,106.0,667090893657276420
352.0,0.0,3.0,104.0,667073648344346624
72.0,0.0,0.0,13.0,667070482143944705
143.0,0.0,3.0,40.0,667065535570550784
192.0,0.0,2.0,45.0,667062181243039745
163.0,0.0,3.0,43.0,667044094246576128
395.0,0.0,3.0,187.0,667012601033924608
214.0,0.0,0.0,79.0,666996132027977728
2249.0,26.0,17.0,847.0,666983947667116034
702.0,0.0,3.0,474.0,666837028449972224
185.0,1.0,1.0,66.0,666835007768551424
221.0,0.0,1.0,79.0,666826780179869698
444.0,1.0,2.0,212.0,666817836334096384
206.0,0.0,0.0,79.0,666804364988780544
658.0,1.0,7.0,411.0,666786068205871104
327.0,0.0,1.0,169.0,666781792255496192
305.0,0.0,0.0,150.0,666776908487630848
209.0,0.0,1.0,60.0,666739327293083650
371.0,0.0,8.0,182.0,666701168228331520
161.0,0.0,0.0,42.0,666691418707132416
994.0,4.0,13.0,526.0,666649482315059201
208.0,0.0,4.0,70.0,666644823164719104
448.0,0.0,1.0,182.0,666454714377183233
90.0,0.0,1.0,19.0,666447344410484738
106.0,0.0,0.0,40.0,666437273139982337
139.0,1.0,1.0,42.0,666435652385423360
278.0,0.0,5.0,160.0,666430724426358785
139.0,0.0,1.0,67.0,666428276349472768
273.0,0.0,1.0,92.0,666421158376562688
108.0,0.0,0.0,39.0,666418789513326592
372.0,0.0,3.0,262.0,666411507551481857
93.0,0.0,0.0,30.0,666407126856765440
147.0,0.0,3.0,69.0,666396247373291520
163.0,0.0,2.0,73.0,666373753744588802
651.0,0.0,7.0,471.0,666362758909284353
179.0,0.0,1.0,58.0,666353288456101888
246.0,0.0,3.0,125.0,666345417576210432
168.0,0.0,1.0,79.0,666337882303524864
427.0,1.0,5.0,291.0,666293911632134144
123.0,0.0,1.0,57.0,666287406224695296
152.0,0.0,0.0,68.0,666273097616637952
100.0,0.0,2.0,38.0,666268910803644416
12916.0,118.0,108.0,5494.0,666104133288665088
66.0,0.0,0.0,11.0,666102155909144576
134.0,0.0,1.0,53.0,666099513787052032
143.0,0.0,0.0,63.0,666094000022159362
93.0,0.0,2.0,37.0,666082916733198337
274.0,0.0,2.0,132.0,666073100786774016
127.0,0.0,1.0,51.0,666071193221509120
400.0,0.0,3.0,181.0,666063827256086533
99.0,0.0,3.0,47.0,666058600524156928
249.0,0.0,2.0,112.0,666057090499244032
367.0,0.0,1.0,196.0,666055525042405380
1030.0,1.0,11.0,706.0,666051853826850816
115.0,0.0,0.0,50.0,666050758794694657
89.0,0.0,9.0,37.0,666049248165822465
247.0,2.0,1.0,115.0,666044226329800704
100.0,0.0,1.0,36.0,666033412701032449
112.0,0.0,0.0,39.0,666029285002620928
2293.0,30.0,20.0,423.0,666020888022790149
